run_id,n_rules,repeat,set_id,resultant_features,roc_auc,roc_auc_std,pr_auc,pr_auc_std,precision,precision_std,recall,recall_std,f0.5,f0.5_std,accuracy,accuracy_std,precision@1%,precision@1%_std,precision@5%,precision@5%_std,precision@10%,precision@10%_std
run_1_1,1,1,set_01,1,0.527,0.025,0.098,0.006,0.128,0.036,0.167,0.051,0.134,0.038,0.823,0.013,0.08,0.098,0.118,0.03,0.111,0.037
run_1_2,1,2,set_02,1,0.527,0.025,0.098,0.006,0.128,0.036,0.167,0.051,0.134,0.038,0.823,0.013,0.08,0.098,0.118,0.03,0.111,0.037
run_1_3,1,3,set_03,1,0.527,0.025,0.098,0.006,0.128,0.036,0.167,0.051,0.134,0.038,0.823,0.013,0.08,0.098,0.118,0.03,0.111,0.037
run_1_4,1,4,set_04,1,0.527,0.025,0.098,0.006,0.128,0.036,0.167,0.051,0.134,0.038,0.823,0.013,0.08,0.098,0.118,0.03,0.111,0.037
run_1_5,1,5,set_05,1,0.527,0.025,0.098,0.006,0.128,0.036,0.167,0.051,0.134,0.038,0.823,0.013,0.08,0.098,0.118,0.03,0.111,0.037
run_1_6,1,6,set_06,1,0.588,0.028,0.117,0.011,0.159,0.022,0.366,0.058,0.18,0.025,0.769,0.015,0.36,0.25,0.132,0.077,0.134,0.049
run_1_7,1,7,set_07,1,0.527,0.025,0.098,0.006,0.128,0.036,0.167,0.051,0.134,0.038,0.823,0.013,0.08,0.098,0.118,0.03,0.111,0.037
run_1_8,1,8,set_08,1,0.527,0.025,0.098,0.006,0.128,0.036,0.167,0.051,0.134,0.038,0.823,0.013,0.08,0.098,0.118,0.03,0.111,0.037
run_1_9,1,9,set_09,1,0.527,0.025,0.098,0.006,0.128,0.036,0.167,0.051,0.134,0.038,0.823,0.013,0.08,0.098,0.118,0.03,0.111,0.037
run_1_10,1,10,set_10,1,0.527,0.025,0.098,0.006,0.128,0.036,0.167,0.051,0.134,0.038,0.823,0.013,0.08,0.098,0.118,0.03,0.111,0.037
run_2_1,2,1,set_01,2,0.557,0.038,0.116,0.022,0.156,0.049,0.141,0.123,0.138,0.059,0.859,0.035,0.22,0.166,0.186,0.069,0.145,0.048
run_2_2,2,2,set_02,2,0.605,0.021,0.14,0.016,0.213,0.02,0.326,0.049,0.229,0.021,0.831,0.012,0.3,0.134,0.205,0.079,0.198,0.048
run_2_3,2,3,set_03,2,0.536,0.027,0.111,0.018,0.137,0.037,0.184,0.054,0.144,0.039,0.823,0.013,0.24,0.233,0.159,0.051,0.12,0.039
run_2_4,2,4,set_04,2,0.603,0.034,0.122,0.013,0.156,0.028,0.361,0.062,0.176,0.031,0.766,0.019,0.24,0.215,0.091,0.054,0.139,0.069
run_2_5,2,5,set_05,2,0.586,0.033,0.118,0.012,0.158,0.022,0.361,0.061,0.178,0.025,0.77,0.015,0.14,0.237,0.109,0.094,0.123,0.047
run_2_6,2,6,set_06,2,0.595,0.035,0.119,0.012,0.16,0.025,0.348,0.054,0.179,0.027,0.776,0.017,0.3,0.313,0.123,0.058,0.132,0.052
run_2_7,2,7,set_07,2,0.527,0.025,0.098,0.006,0.128,0.036,0.167,0.051,0.134,0.038,0.823,0.013,0.08,0.098,0.118,0.03,0.111,0.037
run_2_8,2,8,set_08,2,0.527,0.025,0.098,0.006,0.128,0.036,0.167,0.051,0.134,0.038,0.823,0.013,0.08,0.098,0.118,0.03,0.111,0.037
run_2_9,2,9,set_09,2,0.592,0.03,0.134,0.013,0.195,0.028,0.26,0.052,0.205,0.03,0.837,0.013,0.16,0.196,0.195,0.058,0.175,0.032
run_2_10,2,10,set_10,2,0.536,0.027,0.111,0.018,0.137,0.037,0.184,0.054,0.144,0.039,0.823,0.013,0.24,0.233,0.159,0.051,0.12,0.039
run_3_1,3,1,set_01,3,0.56,0.043,0.119,0.024,0.137,0.037,0.184,0.054,0.144,0.039,0.823,0.013,0.28,0.24,0.127,0.064,0.13,0.051
run_3_2,3,2,set_02,3,0.57,0.04,0.13,0.021,0.212,0.105,0.109,0.051,0.177,0.084,0.881,0.015,0.28,0.223,0.2,0.094,0.127,0.038
run_3_3,3,3,set_03,3,0.554,0.035,0.126,0.027,0.144,0.084,0.094,0.098,0.111,0.061,0.859,0.058,0.3,0.257,0.164,0.094,0.139,0.051
run_3_4,3,4,set_04,3,0.561,0.045,0.123,0.027,0.137,0.037,0.184,0.054,0.144,0.039,0.823,0.013,0.22,0.166,0.136,0.07,0.145,0.037
run_3_5,3,5,set_05,3,0.633,0.024,0.155,0.016,0.225,0.05,0.189,0.128,0.2,0.045,0.865,0.034,0.24,0.15,0.232,0.059,0.2,0.028
run_3_6,3,6,set_06,3,0.57,0.04,0.13,0.021,0.212,0.105,0.109,0.051,0.177,0.084,0.881,0.015,0.28,0.223,0.2,0.094,0.127,0.038
run_3_7,3,7,set_07,3,0.57,0.04,0.13,0.021,0.212,0.105,0.109,0.051,0.177,0.084,0.881,0.015,0.28,0.223,0.2,0.094,0.127,0.038
run_3_8,3,8,set_08,3,0.617,0.034,0.147,0.023,0.207,0.021,0.331,0.055,0.223,0.023,0.826,0.011,0.3,0.161,0.205,0.065,0.218,0.034
run_3_9,3,9,set_09,3,0.607,0.046,0.132,0.021,0.175,0.045,0.215,0.054,0.182,0.046,0.838,0.015,0.12,0.133,0.15,0.054,0.175,0.039
run_3_10,3,10,set_10,3,0.589,0.044,0.13,0.025,0.177,0.045,0.166,0.054,0.175,0.046,0.856,0.009,0.26,0.18,0.173,0.101,0.175,0.052
run_4_1,4,1,set_01,4,0.61,0.033,0.143,0.019,0.212,0.047,0.24,0.046,0.216,0.044,0.85,0.016,0.22,0.108,0.223,0.062,0.198,0.052
run_4_2,4,2,set_02,4,0.632,0.045,0.156,0.033,0.213,0.055,0.162,0.067,0.196,0.051,0.871,0.016,0.2,0.155,0.236,0.06,0.205,0.038
run_4_3,4,3,set_03,4,0.554,0.03,0.117,0.021,0.153,0.052,0.156,0.05,0.153,0.05,0.845,0.014,0.24,0.196,0.136,0.07,0.141,0.039
run_4_4,4,4,set_04,4,0.645,0.034,0.16,0.02,0.211,0.026,0.313,0.058,0.225,0.028,0.833,0.012,0.2,0.126,0.214,0.058,0.218,0.045
run_4_5,4,5,set_05,4,0.589,0.031,0.15,0.023,0.201,0.06,0.149,0.066,0.181,0.059,0.869,0.018,0.36,0.215,0.255,0.058,0.175,0.041
run_4_6,4,6,set_06,4,0.608,0.031,0.14,0.016,0.213,0.045,0.232,0.043,0.216,0.042,0.852,0.015,0.18,0.14,0.209,0.084,0.205,0.037
run_4_7,4,7,set_07,4,0.625,0.045,0.151,0.036,0.175,0.067,0.232,0.092,0.184,0.07,0.832,0.018,0.26,0.237,0.177,0.112,0.18,0.073
run_4_8,4,8,set_08,4,0.557,0.033,0.141,0.028,0.287,0.107,0.096,0.04,0.203,0.076,0.897,0.006,0.38,0.227,0.232,0.103,0.18,0.053
run_4_9,4,9,set_09,4,0.607,0.048,0.152,0.031,0.205,0.072,0.141,0.075,0.181,0.074,0.876,0.014,0.36,0.265,0.223,0.062,0.207,0.065
run_4_10,4,10,set_10,4,0.565,0.04,0.13,0.02,0.212,0.105,0.109,0.051,0.177,0.084,0.881,0.014,0.3,0.241,0.209,0.098,0.13,0.048
run_5_1,5,1,set_01,5,0.617,0.042,0.154,0.027,0.18,0.057,0.202,0.07,0.183,0.059,0.846,0.013,0.22,0.166,0.209,0.098,0.186,0.063
run_5_2,5,2,set_02,5,0.617,0.046,0.159,0.035,0.183,0.065,0.128,0.064,0.164,0.066,0.87,0.015,0.3,0.241,0.214,0.064,0.198,0.061
run_5_3,5,3,set_03,5,0.636,0.043,0.165,0.028,0.193,0.059,0.159,0.082,0.166,0.036,0.858,0.03,0.3,0.1,0.236,0.064,0.189,0.042
run_5_4,5,4,set_04,5,0.649,0.038,0.171,0.033,0.275,0.1,0.174,0.048,0.244,0.078,0.881,0.016,0.26,0.128,0.277,0.075,0.227,0.039
run_5_5,5,5,set_05,5,0.621,0.042,0.156,0.028,0.185,0.067,0.189,0.074,0.185,0.067,0.852,0.015,0.22,0.209,0.2,0.077,0.186,0.061
run_5_6,5,6,set_06,5,0.62,0.045,0.159,0.033,0.177,0.059,0.202,0.07,0.181,0.06,0.844,0.013,0.3,0.241,0.195,0.089,0.177,0.058
run_5_7,5,7,set_07,5,0.665,0.04,0.175,0.034,0.225,0.06,0.174,0.085,0.204,0.055,0.869,0.03,0.28,0.204,0.236,0.09,0.195,0.049
run_5_8,5,8,set_08,5,0.627,0.047,0.162,0.033,0.204,0.06,0.177,0.073,0.196,0.059,0.865,0.014,0.3,0.134,0.2,0.071,0.2,0.06
run_5_9,5,9,set_09,5,0.607,0.048,0.151,0.034,0.157,0.044,0.25,0.097,0.169,0.047,0.811,0.035,0.26,0.254,0.173,0.088,0.145,0.049
run_5_10,5,10,set_10,5,0.622,0.045,0.158,0.029,0.228,0.067,0.166,0.052,0.212,0.063,0.875,0.01,0.24,0.08,0.218,0.078,0.198,0.052
run_6_1,6,1,set_01,6,0.635,0.039,0.169,0.037,0.234,0.096,0.141,0.074,0.205,0.089,0.883,0.009,0.34,0.201,0.232,0.094,0.182,0.078
run_6_2,6,2,set_02,6,0.614,0.051,0.149,0.03,0.17,0.042,0.227,0.066,0.179,0.045,0.831,0.014,0.18,0.166,0.155,0.062,0.173,0.056
run_6_3,6,3,set_03,6,0.641,0.038,0.166,0.027,0.273,0.065,0.129,0.036,0.22,0.051,0.89,0.01,0.34,0.156,0.232,0.075,0.193,0.055
run_6_4,6,4,set_04,6,0.649,0.038,0.173,0.034,0.289,0.111,0.184,0.06,0.258,0.09,0.884,0.014,0.24,0.15,0.277,0.094,0.225,0.044
run_6_5,6,5,set_05,6,0.587,0.042,0.131,0.026,0.135,0.033,0.169,0.164,0.132,0.032,0.829,0.068,0.24,0.174,0.182,0.064,0.15,0.05
run_6_6,6,6,set_06,6,0.609,0.032,0.153,0.018,0.195,0.028,0.237,0.062,0.2,0.032,0.843,0.016,0.18,0.14,0.209,0.065,0.193,0.042
run_6_7,6,7,set_07,6,0.635,0.045,0.164,0.031,0.207,0.043,0.169,0.05,0.194,0.035,0.864,0.021,0.3,0.161,0.227,0.064,0.198,0.055
run_6_8,6,8,set_08,6,0.602,0.061,0.149,0.031,0.179,0.079,0.143,0.11,0.161,0.067,0.86,0.043,0.3,0.161,0.205,0.082,0.168,0.031
run_6_9,6,9,set_09,6,0.644,0.037,0.17,0.029,0.221,0.074,0.144,0.051,0.191,0.05,0.872,0.019,0.28,0.16,0.227,0.067,0.214,0.046
run_6_10,6,10,set_10,6,0.626,0.047,0.155,0.037,0.163,0.056,0.245,0.089,0.173,0.056,0.814,0.039,0.26,0.201,0.173,0.083,0.177,0.045
run_7_1,7,1,set_01,7,0.629,0.046,0.159,0.024,0.194,0.045,0.218,0.081,0.196,0.051,0.851,0.014,0.22,0.108,0.205,0.068,0.198,0.049
run_7_2,7,2,set_02,7,0.637,0.034,0.161,0.033,0.161,0.046,0.212,0.088,0.167,0.05,0.832,0.026,0.2,0.179,0.177,0.087,0.161,0.052
run_7_3,7,3,set_03,7,0.649,0.043,0.173,0.031,0.195,0.041,0.318,0.053,0.211,0.042,0.818,0.022,0.3,0.184,0.195,0.068,0.2,0.043
run_7_4,7,4,set_04,7,0.597,0.051,0.15,0.034,0.149,0.029,0.42,0.118,0.171,0.034,0.737,0.024,0.32,0.183,0.155,0.058,0.15,0.051
run_7_5,7,5,set_05,7,0.582,0.048,0.153,0.035,0.267,0.095,0.096,0.04,0.195,0.073,0.895,0.006,0.32,0.204,0.218,0.053,0.17,0.049
run_7_6,7,6,set_06,7,0.651,0.056,0.17,0.031,0.207,0.058,0.139,0.056,0.186,0.053,0.875,0.011,0.36,0.174,0.209,0.058,0.184,0.04
run_7_7,7,7,set_07,7,0.626,0.042,0.175,0.042,0.23,0.076,0.154,0.053,0.208,0.068,0.877,0.012,0.34,0.22,0.241,0.091,0.193,0.052
run_7_8,7,8,set_08,7,0.627,0.044,0.165,0.031,0.182,0.037,0.288,0.086,0.195,0.042,0.821,0.016,0.26,0.18,0.195,0.081,0.195,0.043
run_7_9,7,9,set_09,7,0.641,0.033,0.174,0.026,0.207,0.021,0.326,0.055,0.223,0.023,0.827,0.013,0.28,0.16,0.223,0.08,0.2,0.035
run_7_10,7,10,set_10,7,0.637,0.045,0.173,0.031,0.265,0.077,0.129,0.055,0.214,0.063,0.888,0.011,0.32,0.16,0.232,0.077,0.191,0.062
run_8_1,8,1,set_01,8,0.65,0.043,0.176,0.032,0.241,0.06,0.154,0.055,0.212,0.053,0.879,0.013,0.32,0.16,0.245,0.055,0.202,0.03
run_8_2,8,2,set_02,8,0.662,0.026,0.184,0.025,0.209,0.03,0.308,0.071,0.222,0.034,0.833,0.018,0.26,0.156,0.241,0.073,0.225,0.036
run_8_3,8,3,set_03,8,0.635,0.046,0.168,0.04,0.172,0.064,0.169,0.075,0.17,0.065,0.852,0.019,0.24,0.15,0.236,0.105,0.186,0.072
run_8_4,8,4,set_04,8,0.626,0.049,0.16,0.041,0.126,0.034,0.245,0.165,0.135,0.045,0.794,0.061,0.26,0.254,0.173,0.067,0.166,0.055
run_8_5,8,5,set_05,8,0.641,0.041,0.174,0.028,0.221,0.072,0.174,0.07,0.205,0.065,0.869,0.016,0.24,0.174,0.223,0.075,0.193,0.056
run_8_6,8,6,set_06,8,0.653,0.049,0.175,0.03,0.187,0.045,0.182,0.079,0.183,0.047,0.855,0.016,0.26,0.156,0.214,0.058,0.189,0.056
run_8_7,8,7,set_07,8,0.631,0.038,0.162,0.024,0.199,0.047,0.25,0.057,0.207,0.047,0.841,0.018,0.18,0.14,0.2,0.065,0.202,0.04
run_8_8,8,8,set_08,8,0.636,0.032,0.161,0.024,0.245,0.062,0.136,0.062,0.203,0.051,0.882,0.019,0.26,0.22,0.227,0.054,0.205,0.038
run_8_9,8,9,set_09,8,0.657,0.06,0.176,0.037,0.196,0.063,0.164,0.067,0.184,0.059,0.861,0.027,0.36,0.196,0.245,0.068,0.198,0.047
run_8_10,8,10,set_10,8,0.65,0.044,0.185,0.037,0.259,0.06,0.215,0.058,0.247,0.055,0.873,0.013,0.28,0.133,0.264,0.07,0.227,0.049
run_9_1,9,1,set_01,9,0.628,0.033,0.16,0.027,0.194,0.036,0.247,0.063,0.202,0.039,0.841,0.01,0.24,0.15,0.186,0.077,0.195,0.047
run_9_2,9,2,set_02,9,0.646,0.049,0.177,0.033,0.189,0.035,0.235,0.106,0.189,0.044,0.839,0.037,0.38,0.189,0.232,0.047,0.218,0.06
run_9_3,9,3,set_03,9,0.654,0.048,0.177,0.038,0.203,0.072,0.154,0.082,0.188,0.068,0.87,0.016,0.26,0.18,0.223,0.094,0.182,0.053
run_9_4,9,4,set_04,9,0.611,0.042,0.16,0.025,0.192,0.025,0.28,0.058,0.205,0.028,0.83,0.012,0.22,0.189,0.182,0.079,0.184,0.061
run_9_5,9,5,set_05,9,0.651,0.042,0.181,0.035,0.226,0.067,0.177,0.062,0.213,0.063,0.872,0.011,0.34,0.18,0.25,0.084,0.2,0.039
run_9_6,9,6,set_06,9,0.635,0.057,0.166,0.035,0.181,0.093,0.108,0.061,0.156,0.083,0.874,0.02,0.32,0.204,0.205,0.087,0.175,0.066
run_9_7,9,7,set_07,9,0.587,0.042,0.147,0.036,0.141,0.034,0.164,0.104,0.136,0.052,0.844,0.037,0.22,0.166,0.173,0.081,0.164,0.054
run_9_8,9,8,set_08,9,0.615,0.043,0.165,0.03,0.199,0.088,0.101,0.055,0.158,0.064,0.881,0.014,0.32,0.183,0.209,0.068,0.17,0.051
run_9_9,9,9,set_09,9,0.64,0.039,0.17,0.025,0.24,0.063,0.139,0.057,0.203,0.051,0.881,0.016,0.24,0.15,0.227,0.067,0.205,0.049
run_9_10,9,10,set_10,9,0.662,0.04,0.197,0.037,0.267,0.087,0.199,0.091,0.246,0.082,0.879,0.012,0.3,0.134,0.268,0.096,0.236,0.064
run_10_1,10,1,set_01,10,0.642,0.043,0.163,0.032,0.163,0.047,0.192,0.071,0.166,0.048,0.838,0.024,0.26,0.156,0.186,0.059,0.175,0.043
run_10_2,10,2,set_02,10,0.65,0.034,0.182,0.026,0.2,0.056,0.281,0.105,0.211,0.062,0.84,0.015,0.32,0.16,0.227,0.079,0.205,0.023
run_10_3,10,3,set_03,10,0.651,0.031,0.194,0.027,0.286,0.064,0.157,0.041,0.244,0.057,0.889,0.008,0.28,0.133,0.291,0.082,0.223,0.032
run_10_4,10,4,set_04,10,0.663,0.048,0.195,0.042,0.224,0.047,0.242,0.069,0.226,0.051,0.857,0.011,0.3,0.184,0.241,0.076,0.232,0.052
run_10_5,10,5,set_05,10,0.659,0.023,0.182,0.026,0.206,0.03,0.278,0.061,0.216,0.032,0.839,0.012,0.28,0.133,0.25,0.058,0.209,0.038
run_10_6,10,6,set_06,10,0.666,0.041,0.196,0.028,0.26,0.056,0.204,0.065,0.244,0.055,0.875,0.015,0.32,0.098,0.277,0.047,0.245,0.044
run_10_7,10,7,set_07,10,0.646,0.044,0.185,0.039,0.222,0.064,0.169,0.074,0.204,0.057,0.872,0.014,0.34,0.22,0.241,0.081,0.214,0.031
run_10_8,10,8,set_08,10,0.664,0.05,0.181,0.033,0.192,0.053,0.181,0.117,0.18,0.056,0.86,0.025,0.26,0.128,0.241,0.058,0.207,0.037
run_10_9,10,9,set_09,10,0.654,0.034,0.181,0.03,0.223,0.04,0.237,0.062,0.224,0.043,0.857,0.014,0.3,0.134,0.232,0.066,0.223,0.039
run_10_10,10,10,set_10,10,0.634,0.057,0.171,0.037,0.208,0.051,0.149,0.071,0.19,0.056,0.875,0.006,0.34,0.156,0.214,0.098,0.184,0.051
run_11_1,11,1,set_01,11,0.668,0.044,0.186,0.03,0.225,0.033,0.268,0.051,0.231,0.03,0.85,0.016,0.24,0.12,0.209,0.062,0.22,0.042
run_11_2,11,2,set_02,11,0.68,0.031,0.197,0.03,0.226,0.052,0.227,0.074,0.225,0.053,0.861,0.014,0.3,0.184,0.25,0.082,0.232,0.039
run_11_3,11,3,set_03,11,0.604,0.025,0.163,0.027,0.225,0.071,0.139,0.048,0.199,0.061,0.879,0.01,0.14,0.156,0.232,0.072,0.209,0.03
run_11_4,11,4,set_04,11,0.663,0.058,0.185,0.03,0.217,0.05,0.179,0.058,0.205,0.046,0.866,0.018,0.24,0.15,0.236,0.049,0.218,0.042
run_11_5,11,5,set_05,11,0.649,0.039,0.177,0.033,0.182,0.068,0.19,0.082,0.181,0.071,0.851,0.033,0.3,0.241,0.218,0.081,0.189,0.052
run_11_6,11,6,set_06,11,0.66,0.03,0.185,0.027,0.246,0.039,0.204,0.045,0.234,0.038,0.871,0.012,0.24,0.15,0.268,0.059,0.22,0.027
run_11_7,11,7,set_07,11,0.63,0.042,0.161,0.024,0.169,0.058,0.202,0.071,0.174,0.059,0.838,0.021,0.22,0.166,0.2,0.082,0.18,0.047
run_11_8,11,8,set_08,11,0.645,0.052,0.173,0.041,0.201,0.064,0.134,0.086,0.174,0.066,0.877,0.022,0.24,0.15,0.227,0.073,0.186,0.051
run_11_9,11,9,set_09,11,0.65,0.025,0.18,0.025,0.21,0.023,0.265,0.032,0.219,0.023,0.844,0.01,0.28,0.133,0.191,0.076,0.205,0.037
run_11_10,11,10,set_10,11,0.653,0.044,0.179,0.03,0.202,0.051,0.142,0.077,0.176,0.046,0.871,0.023,0.32,0.16,0.232,0.062,0.2,0.035
run_12_1,12,1,set_01,12,0.666,0.04,0.182,0.027,0.207,0.033,0.207,0.071,0.203,0.033,0.857,0.017,0.22,0.108,0.232,0.055,0.2,0.039
run_12_2,12,2,set_02,11,0.658,0.043,0.178,0.026,0.199,0.039,0.25,0.071,0.207,0.042,0.843,0.012,0.28,0.204,0.205,0.042,0.195,0.043
run_12_3,12,3,set_03,11,0.674,0.055,0.196,0.044,0.242,0.063,0.144,0.075,0.206,0.062,0.884,0.012,0.32,0.183,0.259,0.098,0.225,0.048
run_12_4,12,4,set_04,12,0.645,0.052,0.178,0.037,0.218,0.08,0.157,0.066,0.199,0.072,0.874,0.015,0.34,0.128,0.232,0.072,0.195,0.053
run_12_5,12,5,set_05,12,0.64,0.05,0.183,0.037,0.207,0.07,0.199,0.096,0.201,0.072,0.861,0.023,0.34,0.22,0.25,0.062,0.205,0.039
run_12_6,12,6,set_06,12,0.651,0.049,0.184,0.038,0.216,0.057,0.157,0.061,0.199,0.055,0.874,0.007,0.28,0.24,0.227,0.067,0.198,0.048
run_12_7,12,7,set_07,12,0.65,0.04,0.179,0.029,0.216,0.071,0.159,0.061,0.2,0.066,0.872,0.015,0.3,0.161,0.236,0.088,0.198,0.046
run_12_8,12,8,set_08,11,0.648,0.041,0.178,0.036,0.256,0.078,0.169,0.047,0.231,0.066,0.88,0.011,0.28,0.16,0.259,0.071,0.2,0.038
run_12_9,12,9,set_09,12,0.646,0.048,0.187,0.051,0.223,0.06,0.161,0.059,0.206,0.057,0.875,0.008,0.36,0.196,0.241,0.108,0.207,0.048
run_12_10,12,10,set_10,12,0.669,0.025,0.194,0.031,0.259,0.057,0.247,0.072,0.254,0.057,0.868,0.016,0.26,0.156,0.277,0.077,0.248,0.048
run_13_1,13,1,set_01,13,0.654,0.029,0.187,0.024,0.225,0.036,0.313,0.058,0.238,0.038,0.841,0.014,0.3,0.184,0.209,0.051,0.22,0.029
run_13_2,13,2,set_02,13,0.654,0.028,0.183,0.039,0.203,0.053,0.197,0.082,0.199,0.056,0.859,0.017,0.3,0.224,0.223,0.092,0.205,0.049
run_13_3,13,3,set_03,13,0.673,0.03,0.196,0.033,0.286,0.102,0.209,0.107,0.245,0.068,0.873,0.029,0.3,0.134,0.264,0.073,0.227,0.063
run_13_4,13,4,set_04,12,0.658,0.028,0.185,0.027,0.217,0.031,0.315,0.09,0.23,0.038,0.838,0.015,0.18,0.14,0.227,0.073,0.211,0.034
run_13_5,13,5,set_05,12,0.655,0.039,0.175,0.034,0.225,0.055,0.146,0.043,0.201,0.049,0.877,0.009,0.26,0.156,0.223,0.062,0.195,0.042
run_13_6,13,6,set_06,13,0.661,0.042,0.193,0.045,0.275,0.106,0.174,0.07,0.243,0.088,0.884,0.012,0.26,0.201,0.277,0.077,0.239,0.052
run_13_7,13,7,set_07,12,0.648,0.046,0.185,0.036,0.247,0.037,0.172,0.057,0.223,0.037,0.878,0.01,0.32,0.204,0.264,0.053,0.211,0.035
run_13_8,13,8,set_08,13,0.669,0.058,0.187,0.038,0.206,0.077,0.149,0.074,0.183,0.067,0.87,0.029,0.3,0.134,0.227,0.07,0.207,0.031
run_13_9,13,9,set_09,13,0.632,0.05,0.179,0.04,0.233,0.076,0.177,0.077,0.214,0.07,0.871,0.023,0.28,0.16,0.236,0.088,0.211,0.057
run_13_10,13,10,set_10,13,0.656,0.055,0.186,0.042,0.247,0.07,0.192,0.048,0.231,0.059,0.87,0.023,0.24,0.15,0.25,0.074,0.218,0.051
run_14_1,14,1,set_01,13,0.665,0.032,0.184,0.025,0.225,0.048,0.235,0.091,0.22,0.04,0.856,0.022,0.24,0.12,0.232,0.047,0.218,0.021
run_14_2,14,2,set_02,14,0.684,0.043,0.194,0.033,0.216,0.045,0.278,0.08,0.225,0.048,0.844,0.019,0.26,0.156,0.227,0.064,0.223,0.046
run_14_3,14,3,set_03,14,0.668,0.041,0.186,0.033,0.205,0.056,0.214,0.088,0.204,0.06,0.857,0.015,0.26,0.18,0.218,0.083,0.225,0.045
run_14_4,14,4,set_04,13,0.665,0.036,0.193,0.029,0.256,0.071,0.195,0.064,0.24,0.067,0.877,0.011,0.28,0.133,0.268,0.098,0.234,0.046
run_14_5,14,5,set_05,13,0.654,0.04,0.189,0.033,0.254,0.062,0.169,0.051,0.228,0.057,0.88,0.012,0.26,0.128,0.286,0.071,0.216,0.037
run_14_6,14,6,set_06,14,0.645,0.048,0.181,0.037,0.229,0.062,0.131,0.053,0.194,0.059,0.883,0.013,0.26,0.201,0.255,0.058,0.207,0.049
run_14_7,14,7,set_07,13,0.611,0.03,0.161,0.028,0.203,0.077,0.098,0.052,0.156,0.059,0.881,0.019,0.24,0.174,0.223,0.072,0.186,0.039
run_14_8,14,8,set_08,13,0.646,0.048,0.189,0.044,0.277,0.108,0.121,0.052,0.219,0.088,0.894,0.006,0.34,0.201,0.268,0.085,0.207,0.048
run_14_9,14,9,set_09,14,0.655,0.029,0.185,0.025,0.204,0.03,0.277,0.084,0.214,0.034,0.838,0.015,0.28,0.16,0.195,0.046,0.209,0.033
run_14_10,14,10,set_10,13,0.643,0.053,0.187,0.037,0.247,0.07,0.162,0.04,0.222,0.061,0.879,0.012,0.32,0.183,0.255,0.077,0.202,0.036
run_15_1,15,1,set_01,15,0.676,0.044,0.193,0.045,0.218,0.056,0.202,0.073,0.211,0.052,0.862,0.015,0.28,0.183,0.232,0.069,0.22,0.058
run_15_2,15,2,set_02,14,0.647,0.045,0.193,0.029,0.27,0.081,0.162,0.037,0.234,0.057,0.882,0.015,0.26,0.128,0.264,0.064,0.218,0.031
run_15_3,15,3,set_03,14,0.68,0.046,0.198,0.029,0.202,0.035,0.214,0.088,0.201,0.042,0.855,0.017,0.3,0.184,0.241,0.081,0.211,0.025
run_15_4,15,4,set_04,15,0.669,0.058,0.191,0.04,0.247,0.082,0.144,0.056,0.212,0.068,0.882,0.012,0.32,0.098,0.255,0.082,0.198,0.058
run_15_5,15,5,set_05,14,0.651,0.046,0.186,0.032,0.249,0.057,0.139,0.041,0.209,0.04,0.883,0.012,0.3,0.134,0.255,0.071,0.207,0.03
run_15_6,15,6,set_06,15,0.67,0.041,0.209,0.041,0.318,0.085,0.192,0.06,0.28,0.076,0.89,0.011,0.32,0.16,0.305,0.111,0.248,0.053
run_15_7,15,7,set_07,15,0.642,0.045,0.174,0.033,0.168,0.041,0.166,0.104,0.16,0.051,0.854,0.023,0.32,0.16,0.209,0.074,0.177,0.045
run_15_8,15,8,set_08,15,0.648,0.05,0.184,0.05,0.283,0.106,0.121,0.056,0.218,0.08,0.893,0.01,0.32,0.223,0.25,0.094,0.207,0.076
run_15_9,15,9,set_09,14,0.669,0.048,0.187,0.047,0.215,0.073,0.22,0.069,0.215,0.071,0.855,0.02,0.24,0.174,0.232,0.107,0.214,0.073
run_15_10,15,10,set_10,14,0.661,0.03,0.187,0.031,0.249,0.065,0.202,0.059,0.235,0.056,0.872,0.013,0.22,0.166,0.25,0.096,0.214,0.04
run_16_1,16,1,set_01,15,0.692,0.044,0.19,0.038,0.217,0.083,0.184,0.086,0.207,0.08,0.868,0.015,0.26,0.18,0.232,0.105,0.214,0.05
run_16_2,16,2,set_02,17,0.676,0.042,0.191,0.026,0.219,0.041,0.227,0.055,0.221,0.044,0.858,0.008,0.26,0.156,0.223,0.047,0.23,0.039
run_16_3,16,3,set_03,15,0.662,0.041,0.185,0.032,0.204,0.051,0.194,0.068,0.197,0.048,0.855,0.03,0.3,0.134,0.214,0.036,0.195,0.043
run_16_4,16,4,set_04,15,0.656,0.032,0.194,0.039,0.22,0.076,0.149,0.063,0.195,0.067,0.873,0.017,0.38,0.209,0.25,0.089,0.205,0.06
run_16_5,16,5,set_05,15,0.669,0.04,0.187,0.031,0.26,0.041,0.197,0.049,0.242,0.036,0.877,0.01,0.2,0.126,0.282,0.053,0.234,0.042
run_16_6,16,6,set_06,16,0.669,0.034,0.201,0.037,0.238,0.073,0.149,0.05,0.21,0.063,0.88,0.01,0.4,0.219,0.255,0.062,0.211,0.049
run_16_7,16,7,set_07,17,0.658,0.04,0.175,0.033,0.198,0.058,0.24,0.105,0.204,0.065,0.849,0.012,0.3,0.184,0.2,0.062,0.195,0.052
run_16_8,16,8,set_08,15,0.653,0.043,0.179,0.029,0.231,0.04,0.174,0.045,0.215,0.039,0.874,0.008,0.28,0.16,0.245,0.046,0.209,0.045
run_16_9,16,9,set_09,17,0.659,0.032,0.182,0.029,0.232,0.058,0.162,0.05,0.21,0.053,0.874,0.022,0.22,0.14,0.245,0.077,0.216,0.043
run_16_10,16,10,set_10,15,0.636,0.056,0.177,0.035,0.22,0.058,0.146,0.05,0.198,0.055,0.876,0.011,0.32,0.133,0.236,0.057,0.195,0.06
run_17_1,17,1,set_01,16,0.629,0.04,0.168,0.033,0.206,0.04,0.273,0.045,0.217,0.041,0.839,0.013,0.24,0.196,0.2,0.062,0.209,0.045
run_17_2,17,2,set_02,16,0.676,0.038,0.195,0.023,0.237,0.036,0.222,0.053,0.231,0.033,0.865,0.014,0.28,0.133,0.236,0.045,0.236,0.031
run_17_3,17,3,set_03,15,0.674,0.036,0.195,0.033,0.258,0.046,0.169,0.043,0.231,0.038,0.881,0.01,0.3,0.224,0.241,0.068,0.211,0.032
run_17_4,17,4,set_04,15,0.659,0.031,0.184,0.025,0.198,0.028,0.283,0.085,0.21,0.033,0.835,0.011,0.28,0.098,0.218,0.073,0.209,0.032
run_17_5,17,5,set_05,16,0.665,0.041,0.186,0.037,0.188,0.056,0.263,0.069,0.197,0.052,0.825,0.032,0.3,0.205,0.232,0.072,0.195,0.042
run_17_6,17,6,set_06,16,0.629,0.046,0.18,0.048,0.223,0.101,0.126,0.069,0.186,0.083,0.88,0.019,0.32,0.223,0.218,0.105,0.193,0.065
run_17_7,17,7,set_07,16,0.649,0.041,0.179,0.03,0.201,0.061,0.197,0.062,0.197,0.057,0.854,0.022,0.24,0.196,0.218,0.057,0.193,0.042
run_17_8,17,8,set_08,15,0.639,0.041,0.179,0.042,0.21,0.06,0.169,0.089,0.195,0.058,0.869,0.014,0.28,0.183,0.236,0.083,0.211,0.057
run_17_9,17,9,set_09,15,0.664,0.056,0.192,0.04,0.234,0.077,0.187,0.058,0.218,0.064,0.867,0.023,0.34,0.201,0.268,0.082,0.22,0.039
run_17_10,17,10,set_10,15,0.676,0.048,0.198,0.036,0.225,0.052,0.192,0.07,0.212,0.046,0.867,0.016,0.28,0.16,0.277,0.075,0.225,0.033
run_18_1,18,1,set_01,18,0.642,0.042,0.176,0.037,0.2,0.053,0.247,0.082,0.208,0.056,0.845,0.011,0.22,0.14,0.209,0.082,0.209,0.059
run_18_2,18,2,set_02,17,0.684,0.049,0.202,0.052,0.258,0.072,0.197,0.078,0.241,0.072,0.878,0.009,0.36,0.196,0.25,0.091,0.223,0.059
run_18_3,18,3,set_03,17,0.666,0.052,0.188,0.044,0.201,0.066,0.192,0.134,0.19,0.067,0.863,0.026,0.24,0.15,0.236,0.088,0.2,0.049
run_18_4,18,4,set_04,15,0.661,0.053,0.18,0.044,0.24,0.082,0.111,0.063,0.186,0.067,0.886,0.02,0.28,0.223,0.214,0.102,0.184,0.068
run_18_5,18,5,set_05,17,0.682,0.043,0.192,0.033,0.236,0.07,0.174,0.058,0.219,0.065,0.875,0.01,0.3,0.134,0.259,0.095,0.22,0.047
run_18_6,18,6,set_06,18,0.659,0.028,0.184,0.023,0.222,0.046,0.192,0.067,0.212,0.046,0.867,0.012,0.2,0.155,0.232,0.077,0.211,0.041
run_18_7,18,7,set_07,16,0.666,0.034,0.196,0.027,0.269,0.059,0.162,0.044,0.236,0.053,0.885,0.009,0.28,0.183,0.25,0.068,0.225,0.019
run_18_8,18,8,set_08,17,0.671,0.031,0.21,0.036,0.251,0.044,0.23,0.061,0.244,0.042,0.868,0.013,0.28,0.204,0.277,0.055,0.241,0.038
run_18_9,18,9,set_09,16,0.652,0.04,0.178,0.036,0.232,0.062,0.139,0.061,0.198,0.054,0.88,0.016,0.28,0.16,0.236,0.086,0.193,0.029
run_18_10,18,10,set_10,19,0.675,0.036,0.198,0.029,0.225,0.028,0.26,0.04,0.231,0.027,0.852,0.012,0.24,0.15,0.25,0.055,0.234,0.032
run_19_1,19,1,set_01,18,0.671,0.053,0.187,0.032,0.212,0.049,0.212,0.063,0.209,0.045,0.856,0.018,0.26,0.128,0.223,0.043,0.205,0.05
run_19_2,19,2,set_02,18,0.658,0.027,0.188,0.027,0.201,0.043,0.298,0.088,0.215,0.049,0.834,0.008,0.32,0.16,0.223,0.075,0.209,0.049
run_19_3,19,3,set_03,18,0.658,0.048,0.187,0.038,0.213,0.046,0.217,0.056,0.213,0.045,0.857,0.014,0.3,0.161,0.232,0.062,0.214,0.049
run_19_4,19,4,set_04,17,0.673,0.045,0.192,0.027,0.221,0.029,0.28,0.062,0.229,0.029,0.845,0.017,0.26,0.18,0.241,0.064,0.23,0.031
run_19_5,19,5,set_05,18,0.665,0.045,0.198,0.032,0.244,0.07,0.182,0.048,0.224,0.052,0.872,0.018,0.24,0.12,0.259,0.064,0.218,0.041
run_19_6,19,6,set_06,19,0.682,0.034,0.194,0.037,0.257,0.099,0.172,0.06,0.232,0.087,0.878,0.022,0.3,0.161,0.245,0.098,0.227,0.057
run_19_7,19,7,set_07,18,0.657,0.044,0.183,0.028,0.23,0.058,0.197,0.072,0.22,0.056,0.869,0.013,0.28,0.098,0.232,0.043,0.216,0.051
run_19_8,19,8,set_08,17,0.656,0.035,0.195,0.025,0.227,0.046,0.202,0.09,0.215,0.052,0.868,0.017,0.26,0.156,0.236,0.067,0.216,0.029
run_19_9,19,9,set_09,20,0.665,0.042,0.198,0.028,0.272,0.046,0.189,0.029,0.247,0.032,0.879,0.013,0.28,0.183,0.291,0.042,0.239,0.029
run_19_10,19,10,set_10,17,0.668,0.037,0.194,0.033,0.225,0.043,0.197,0.062,0.217,0.044,0.867,0.013,0.32,0.16,0.227,0.076,0.218,0.048
run_20_1,20,1,set_01,20,0.659,0.04,0.181,0.026,0.225,0.05,0.192,0.073,0.212,0.044,0.866,0.02,0.24,0.174,0.245,0.051,0.227,0.038
run_20_2,20,2,set_02,22,0.674,0.037,0.193,0.027,0.2,0.035,0.199,0.073,0.194,0.026,0.852,0.031,0.3,0.205,0.218,0.064,0.202,0.04
run_20_3,20,3,set_03,19,0.672,0.028,0.185,0.027,0.23,0.047,0.192,0.066,0.217,0.046,0.869,0.017,0.22,0.166,0.227,0.057,0.218,0.041
run_20_4,20,4,set_04,18,0.678,0.04,0.211,0.038,0.259,0.048,0.247,0.064,0.255,0.047,0.868,0.012,0.34,0.201,0.273,0.076,0.243,0.056
run_20_5,20,5,set_05,19,0.673,0.04,0.187,0.031,0.234,0.068,0.207,0.077,0.218,0.044,0.859,0.033,0.24,0.174,0.245,0.051,0.186,0.033
run_20_6,20,6,set_06,20,0.665,0.035,0.187,0.031,0.231,0.045,0.172,0.054,0.214,0.045,0.874,0.011,0.3,0.161,0.273,0.05,0.214,0.049
run_20_7,20,7,set_07,19,0.686,0.054,0.193,0.031,0.228,0.049,0.222,0.058,0.226,0.048,0.862,0.01,0.26,0.128,0.236,0.081,0.227,0.035
run_20_8,20,8,set_08,19,0.661,0.048,0.193,0.045,0.206,0.058,0.222,0.092,0.206,0.065,0.855,0.021,0.32,0.223,0.241,0.076,0.225,0.058
run_20_9,20,9,set_09,20,0.681,0.05,0.201,0.048,0.227,0.111,0.197,0.102,0.213,0.097,0.867,0.02,0.26,0.156,0.241,0.115,0.223,0.055
run_20_10,20,10,set_10,20,0.602,0.051,0.148,0.037,0.167,0.085,0.114,0.039,0.148,0.061,0.861,0.025,0.24,0.233,0.186,0.072,0.159,0.051
