family_id,family_label,family_display_label,requested_n_components,actual_n_components,component_index,component_name,original_feature,weight_mean,weight_std,abs_weight_mean,weight_sign_flip_rate,loading_mean,loading_std,abs_loading_mean,loading_sign_flip_rate
reasoning_A,A,HQ + A,2,2,1,A_pls_1,A_career_coherence,0.30194122920272837,0.06477655598413555,0.30194122920272837,0.0,0.8013491591220566,0.13607520232097314,0.8013491591220566,0.0
reasoning_A,A,HQ + A,2,2,1,A_pls_1,A_evidence_support_rating,0.8394511695730159,0.03269716404379891,0.8394511695730159,0.0,0.9290597327771636,0.11905795864863293,0.9290597327771636,0.0
reasoning_A,A,HQ + A,2,2,1,A_pls_1,A_ownership_signal,-0.25403203552382975,0.08975785457415068,0.25403203552382975,0.0,0.29112028586398103,0.2599829853593068,0.369906221013309,0.10416666666666667
reasoning_A,A,HQ + A,2,2,1,A_pls_1,A_scrappiness,-0.30673268092831746,0.08225176889540795,0.30673268092831746,0.0,0.29741402330344296,0.25060201752841577,0.36947110282565515,0.10416666666666667
reasoning_A,A,HQ + A,2,2,1,A_pls_1,A_trajectory_strength,0.13991427919037505,0.07663600446899631,0.14530507993846628,0.08333333333333333,0.6732937412131371,0.17917545471948595,0.6790769506028234,0.020833333333333332
reasoning_A,A,HQ + A,2,2,2,A_pls_2,A_career_coherence,0.4428213511445023,0.11956503589519982,0.4467877556886786,0.020833333333333332,0.31850346398602003,0.0798305848496446,0.31850346398602003,0.0
reasoning_A,A,HQ + A,2,2,2,A_pls_2,A_evidence_support_rating,0.08675821282127011,0.14259209811040463,0.12965989061712646,0.1875,0.18377726725314392,0.1835783546789433,0.21939248339717635,0.0625
reasoning_A,A,HQ + A,2,2,2,A_pls_2,A_ownership_signal,0.4704054220148752,0.1559531071441346,0.48978870553417747,0.020833333333333332,0.5700545671133063,0.1830104334936884,0.5972070198436644,0.020833333333333332
reasoning_A,A,HQ + A,2,2,2,A_pls_2,A_scrappiness,0.5252192865051398,0.12186209547055206,0.5330474624464688,0.020833333333333332,0.5634991650732472,0.17701545938808222,0.589234647480685,0.020833333333333332
reasoning_A,A,HQ + A,2,2,2,A_pls_2,A_trajectory_strength,0.47132764692806833,0.05740998649513372,0.47132764692806833,0.0,0.4290323862924577,0.07441862600368185,0.4290323862924577,0.0
reasoning_A,A,HQ + A,3,3,1,A_pls_1,A_career_coherence,0.30194122920272837,0.06477655598413555,0.30194122920272837,0.0,0.8013491591220566,0.13607520232097314,0.8013491591220566,0.0
reasoning_A,A,HQ + A,3,3,1,A_pls_1,A_evidence_support_rating,0.8394511695730159,0.03269716404379891,0.8394511695730159,0.0,0.9290597327771636,0.11905795864863293,0.9290597327771636,0.0
reasoning_A,A,HQ + A,3,3,1,A_pls_1,A_ownership_signal,-0.25403203552382975,0.08975785457415068,0.25403203552382975,0.0,0.29112028586398103,0.2599829853593068,0.369906221013309,0.10416666666666667
reasoning_A,A,HQ + A,3,3,1,A_pls_1,A_scrappiness,-0.30673268092831746,0.08225176889540795,0.30673268092831746,0.0,0.29741402330344296,0.25060201752841577,0.36947110282565515,0.10416666666666667
reasoning_A,A,HQ + A,3,3,1,A_pls_1,A_trajectory_strength,0.13991427919037505,0.07663600446899631,0.14530507993846628,0.08333333333333333,0.6732937412131371,0.17917545471948595,0.6790769506028234,0.020833333333333332
reasoning_A,A,HQ + A,3,3,2,A_pls_2,A_career_coherence,0.4428213511445023,0.11956503589519982,0.4467877556886786,0.020833333333333332,0.31850346398602003,0.0798305848496446,0.31850346398602003,0.0
reasoning_A,A,HQ + A,3,3,2,A_pls_2,A_evidence_support_rating,0.08675821282127011,0.14259209811040463,0.12965989061712646,0.1875,0.18377726725314392,0.1835783546789433,0.21939248339717635,0.0625
reasoning_A,A,HQ + A,3,3,2,A_pls_2,A_ownership_signal,0.4704054220148752,0.1559531071441346,0.48978870553417747,0.020833333333333332,0.5700545671133063,0.1830104334936884,0.5972070198436644,0.020833333333333332
reasoning_A,A,HQ + A,3,3,2,A_pls_2,A_scrappiness,0.5252192865051398,0.12186209547055206,0.5330474624464688,0.020833333333333332,0.5634991650732472,0.17701545938808222,0.589234647480685,0.020833333333333332
reasoning_A,A,HQ + A,3,3,2,A_pls_2,A_trajectory_strength,0.47132764692806833,0.05740998649513372,0.47132764692806833,0.0,0.4290323862924577,0.07441862600368185,0.4290323862924577,0.0
reasoning_A,A,HQ + A,3,3,3,A_pls_3,A_career_coherence,0.5399728212594536,0.35172500295751996,0.6399469209026499,0.10416666666666667,0.5269036086330263,0.34804237646333214,0.6278872316640091,0.10416666666666667
reasoning_A,A,HQ + A,3,3,3,A_pls_3,A_evidence_support_rating,-0.3530977892419293,0.33973812521042884,0.4843878609101635,0.125,-0.37314102470324123,0.3544306438402332,0.5090206725071565,0.125
reasoning_A,A,HQ + A,3,3,3,A_pls_3,A_ownership_signal,-0.3396397072025343,0.34108594231720285,0.47098311030033096,0.125,-0.27083048109902674,0.2962486606999862,0.39250632316896467,0.14583333333333334
reasoning_A,A,HQ + A,3,3,3,A_pls_3,A_scrappiness,-0.1251242568317045,0.19316487940435526,0.21404903611706727,0.14583333333333334,-0.22186697750336767,0.24924618806693555,0.32453723961066544,0.125
reasoning_A,A,HQ + A,3,3,3,A_pls_3,A_trajectory_strength,0.19537505271501832,0.14759376628155244,0.23217731106394154,0.08333333333333333,0.25362943501473856,0.1689760340157289,0.2956746893478585,0.10416666666666667
reasoning_B,B,HQ + B,1,1,1,B_pls_1,B_evidence_support_rating,0.758333814609878,0.3955339443263754,0.8179419024481124,0.10416666666666667,0.9679573473200103,0.32545467337286743,0.9679573473200103,0.0
reasoning_B,B,HQ + B,1,1,1,B_pls_1,B_rubric_score,0.3390244103703204,0.3918484065016513,0.4564427507226709,0.20833333333333334,0.9474375725912901,0.34178133239748976,0.9474375725912901,0.0
reasoning_B,B,HQ + B,2,2,1,B_pls_1,B_evidence_support_rating,0.758333814609878,0.3955339443263754,0.8179419024481124,0.10416666666666667,0.9679573473200103,0.32545467337286743,0.9679573473200103,0.0
reasoning_B,B,HQ + B,2,2,1,B_pls_1,B_rubric_score,0.3390244103703204,0.3918484065016513,0.4564427507226709,0.20833333333333334,0.9474375725912901,0.34178133239748976,0.9474375725912901,0.0
reasoning_B,B,HQ + B,2,2,2,B_pls_2,B_evidence_support_rating,-0.06478552187199525,0.5140871138830408,0.4564427507226658,0.3541666666666667,-0.06478552187200382,0.5140871138830629,0.4564427507226863,0.3541666666666667
reasoning_B,B,HQ + B,2,2,2,B_pls_2,B_rubric_score,0.8015376674879361,0.298420245782915,0.8179419024481055,0.041666666666666664,0.8015376674879692,0.2984202457829266,0.8179419024481392,0.041666666666666664
reasoning_C,C,HQ + C,2,2,1,C_pls_1,C_evidence_support_rating,0.2587494865097482,0.3615517016736814,0.3997529750814639,0.2708333333333333,0.26133083521497574,0.8418633388624954,0.8555813502795023,0.3541666666666667
reasoning_C,C,HQ + C,2,2,1,C_pls_1,C_latent_risk,0.414414858139694,0.42233169995396774,0.4729330447060005,0.20833333333333334,-0.04161474602110556,0.8958480301304468,0.8370481445697706,0.3541666666666667
reasoning_C,C,HQ + C,2,2,1,C_pls_1,C_latent_strength,0.5662389145858077,0.3627655198933942,0.6173059124989602,0.125,0.3083680137912089,0.8283585050325228,0.8509565135115483,0.3541666666666667
reasoning_C,C,HQ + C,2,2,2,C_pls_2,C_evidence_support_rating,-0.015884265285139653,0.4270359005789912,0.390036316878172,0.375,0.06725511207836925,0.41884266546047033,0.36236280713618246,0.4166666666666667
reasoning_C,C,HQ + C,2,2,2,C_pls_2,C_latent_risk,0.5655363680621266,0.49757032345443725,0.6859946381403891,0.20833333333333334,0.5989853667729907,0.5031707678604901,0.7105910075507177,0.20833333333333334
reasoning_C,C,HQ + C,2,2,2,C_pls_2,C_latent_strength,0.2763201453737401,0.41668644879597533,0.40845542324632556,0.2708333333333333,0.2255710671720252,0.4139790599184826,0.37900991434568265,0.2916666666666667
reasoning_D,D,HQ + D,1,1,1,D_pls_1,D_evidence_support_rating,0.32224762385606215,0.17531966301726676,0.3401613791180765,0.041666666666666664,0.775370595358187,0.08081884230791016,0.775370595358187,0.0
reasoning_D,D,HQ + D,1,1,1,D_pls_1,D_overall_founder_quality,0.92902366469333,0.04831682024305768,0.92902366469333,0.0,0.8180846629471338,0.11439245152402099,0.8180846629471338,0.0
reasoning_D,D,HQ + D,2,2,1,D_pls_1,D_evidence_support_rating,0.32224762385606215,0.17531966301726676,0.3401613791180765,0.041666666666666664,0.775370595358187,0.08081884230791016,0.775370595358187,0.0
reasoning_D,D,HQ + D,2,2,1,D_pls_1,D_overall_founder_quality,0.92902366469333,0.04831682024305768,0.92902366469333,0.0,0.8180846629471338,0.11439245152402099,0.8180846629471338,0.0
reasoning_D,D,HQ + D,2,2,2,D_pls_2,D_evidence_support_rating,0.9290236646933249,0.04831682024305996,0.9290236646933249,0.0,0.9290236646933433,0.048316820243057924,0.9290236646933433,0.0
reasoning_D,D,HQ + D,2,2,2,D_pls_2,D_overall_founder_quality,-0.3222476238560595,0.17531966301726556,0.340161379118074,0.041666666666666664,-0.3222476238560664,0.17531966301726926,0.34016137911808114,0.041666666666666664
reasoning_E,E,HQ + E,1,1,1,E_pls_1,E_evidence_support_rating,0.32939858227130236,0.4724622447372733,0.5347015995814365,0.25,0.2909911778029859,0.6177082187574637,0.6692071598356831,0.2916666666666667
reasoning_E,E,HQ + E,1,1,1,E_pls_1,E_hidden_risk,0.11120213950593001,0.5648709654548033,0.5095204029847187,0.4583333333333333,-0.11983360928315741,0.6005537752151644,0.5963833470400107,0.3333333333333333
reasoning_E,E,HQ + E,1,1,1,E_pls_1,E_hidden_upside,0.3399104630290763,0.4704165759986178,0.5393745407759888,0.25,0.2939795879374936,0.6115537798939363,0.6655881206035105,0.2916666666666667
reasoning_F,F,HQ + F,2,2,1,F_pls_1,F_career_coherence,0.19499044570567634,0.5107031345165234,0.5234163036113509,0.4166666666666667,0.26441908022828237,0.7137383205585434,0.7029661335992176,0.22916666666666666
reasoning_F,F,HQ + F,2,2,1,F_pls_1,F_evidence_support_rating,0.176784450615628,0.5658624841768196,0.5112187661405897,0.4583333333333333,0.42502844718013444,0.589840010815965,0.6560645863124387,0.16666666666666666
reasoning_F,F,HQ + F,2,2,1,F_pls_1,F_ownership_signal,0.1675977463730407,0.19236215393197867,0.23080253339532453,0.25,0.2757790709116313,0.7082848101225255,0.702006685378256,0.20833333333333334
reasoning_F,F,HQ + F,2,2,1,F_pls_1,F_rubric_score,0.18122402503389534,0.28567693594229904,0.3177976691828284,0.3333333333333333,0.26931820838730364,0.7173518396511211,0.7073113663879496,0.22916666666666666
reasoning_F,F,HQ + F,2,2,1,F_pls_1,F_scrappiness,0.19635163271131126,0.17517508223536166,0.23757341580497218,0.20833333333333334,0.28481496661416544,0.6771840954467537,0.6808020829450047,0.20833333333333334
reasoning_F,F,HQ + F,2,2,1,F_pls_1,F_trajectory_strength,0.17751912667718975,0.2634558145608572,0.2950004458373979,0.3333333333333333,0.26649713478595705,0.7175566251415242,0.7068571060603245,0.22916666666666666
reasoning_F,F,HQ + F,2,2,2,F_pls_2,F_career_coherence,0.1265756551492994,0.3045917824739759,0.25852837008780133,0.375,0.22722942997522275,0.1802585744519578,0.2383867071250827,0.125
reasoning_F,F,HQ + F,2,2,2,F_pls_2,F_evidence_support_rating,0.6285497586702904,0.34496864800619526,0.672667257919802,0.08333333333333333,0.682833777381627,0.4055286239337376,0.7424049043482744,0.08333333333333333
reasoning_F,F,HQ + F,2,2,2,F_pls_2,F_ownership_signal,0.3202883708830831,0.08513937845501758,0.3202883708830831,0.0,0.26620050905478854,0.13790362834715003,0.26620050905478854,0.0
reasoning_F,F,HQ + F,2,2,2,F_pls_2,F_rubric_score,0.25756000920084915,0.13605516723664607,0.260185360640058,0.041666666666666664,0.24333785018764723,0.1633108656662438,0.24805302416647426,0.0625
reasoning_F,F,HQ + F,2,2,2,F_pls_2,F_scrappiness,0.2949140910040415,0.08854540901646393,0.2949140910040415,0.0,0.2865412518745299,0.1029954736758632,0.2865412518745299,0.0
reasoning_F,F,HQ + F,2,2,2,F_pls_2,F_trajectory_strength,0.26799986103315004,0.12571485647583663,0.26923093875305826,0.020833333333333332,0.23652220515887365,0.17066129949374473,0.24308562564127625,0.0625
reasoning_F,F,HQ + F,3,3,1,F_pls_1,F_career_coherence,0.19499044570567634,0.5107031345165234,0.5234163036113509,0.4166666666666667,0.26441908022828237,0.7137383205585434,0.7029661335992176,0.22916666666666666
reasoning_F,F,HQ + F,3,3,1,F_pls_1,F_evidence_support_rating,0.176784450615628,0.5658624841768196,0.5112187661405897,0.4583333333333333,0.42502844718013444,0.589840010815965,0.6560645863124387,0.16666666666666666
reasoning_F,F,HQ + F,3,3,1,F_pls_1,F_ownership_signal,0.1675977463730407,0.19236215393197867,0.23080253339532453,0.25,0.2757790709116313,0.7082848101225255,0.702006685378256,0.20833333333333334
reasoning_F,F,HQ + F,3,3,1,F_pls_1,F_rubric_score,0.18122402503389534,0.28567693594229904,0.3177976691828284,0.3333333333333333,0.26931820838730364,0.7173518396511211,0.7073113663879496,0.22916666666666666
reasoning_F,F,HQ + F,3,3,1,F_pls_1,F_scrappiness,0.19635163271131126,0.17517508223536166,0.23757341580497218,0.20833333333333334,0.28481496661416544,0.6771840954467537,0.6808020829450047,0.20833333333333334
reasoning_F,F,HQ + F,3,3,1,F_pls_1,F_trajectory_strength,0.17751912667718975,0.2634558145608572,0.2950004458373979,0.3333333333333333,0.26649713478595705,0.7175566251415242,0.7068571060603245,0.22916666666666666
reasoning_F,F,HQ + F,3,3,2,F_pls_2,F_career_coherence,0.1265756551492994,0.3045917824739759,0.25852837008780133,0.375,0.22722942997522275,0.1802585744519578,0.2383867071250827,0.125
reasoning_F,F,HQ + F,3,3,2,F_pls_2,F_evidence_support_rating,0.6285497586702904,0.34496864800619526,0.672667257919802,0.08333333333333333,0.682833777381627,0.4055286239337376,0.7424049043482744,0.08333333333333333
reasoning_F,F,HQ + F,3,3,2,F_pls_2,F_ownership_signal,0.3202883708830831,0.08513937845501758,0.3202883708830831,0.0,0.26620050905478854,0.13790362834715003,0.26620050905478854,0.0
reasoning_F,F,HQ + F,3,3,2,F_pls_2,F_rubric_score,0.25756000920084915,0.13605516723664607,0.260185360640058,0.041666666666666664,0.24333785018764723,0.1633108656662438,0.24805302416647426,0.0625
reasoning_F,F,HQ + F,3,3,2,F_pls_2,F_scrappiness,0.2949140910040415,0.08854540901646393,0.2949140910040415,0.0,0.2865412518745299,0.1029954736758632,0.2865412518745299,0.0
reasoning_F,F,HQ + F,3,3,2,F_pls_2,F_trajectory_strength,0.26799986103315004,0.12571485647583663,0.26923093875305826,0.020833333333333332,0.23652220515887365,0.17066129949374473,0.24308562564127625,0.0625
reasoning_F,F,HQ + F,3,3,3,F_pls_3,F_career_coherence,0.6785605308662465,0.24889229442180955,0.7182993170654753,0.041666666666666664,0.697943757353333,0.2781608198116614,0.7457111265323326,0.041666666666666664
reasoning_F,F,HQ + F,3,3,3,F_pls_3,F_evidence_support_rating,0.3286726390367818,0.11679066513766898,0.3400212792552944,0.041666666666666664,0.3881523123606711,0.14231603765689854,0.4038367802124833,0.041666666666666664
reasoning_F,F,HQ + F,3,3,3,F_pls_3,F_ownership_signal,-0.37649507338703997,0.2159446908795573,0.4243672420170292,0.041666666666666664,-0.2812052189758409,0.18826283294769675,0.32059363455056694,0.041666666666666664
reasoning_F,F,HQ + F,3,3,3,F_pls_3,F_rubric_score,-0.14483842360929994,0.10280550936168643,0.16497749368364623,0.08333333333333333,-0.09036271787185145,0.08791537686225626,0.11136138126883284,0.10416666666666667
reasoning_F,F,HQ + F,3,3,3,F_pls_3,F_scrappiness,-0.14876908762482363,0.13132377873167214,0.17181695274357042,0.0625,-0.6136643171886162,0.3316166402993508,0.676539270671929,0.041666666666666664
reasoning_F,F,HQ + F,3,3,3,F_pls_3,F_trajectory_strength,-0.25461690831708345,0.17834441624750288,0.2904558319372459,0.041666666666666664,-0.027251133964968987,0.08420469555268856,0.0643564510811765,0.25
