family_id,family_label,family_display_label,route_group,feature_name,feature_group,coefficient_mean,coefficient_std,abs_coefficient_mean,positive_rate,negative_rate,sign_flip_rate,dominant_sign
HQ,HQ,HQ,hq_only,best_degree_prestige,hq,0.14509148175099293,0.04363188157932035,0.14509148175099293,1.0,0.0,0.0,positive
HQ,HQ,HQ,hq_only,comfort_index,hq,0.05603005907393025,0.041841269140594564,0.065596711893537,0.8888888888888888,0.1111111111111111,0.1111111111111111,positive
HQ,HQ,HQ,hq_only,company_size_is_growing,hq,0.02171863180805971,0.05276169881264695,0.049560336374539576,0.7777777777777778,0.2222222222222222,0.2222222222222222,positive
HQ,HQ,HQ,hq_only,degree_level,hq,-0.09114276752032387,0.03858379068070872,0.09114276752032387,0.0,1.0,0.0,negative
HQ,HQ,HQ,hq_only,edu_prestige_tier,hq,0.14509148175099293,0.04363188157932035,0.14509148175099293,1.0,0.0,0.0,positive
HQ,HQ,HQ,hq_only,exit_count,hq,0.09031099682549669,0.03187634767335445,0.09031099682549669,1.0,0.0,0.0,positive
HQ,HQ,HQ,hq_only,exit_x_serial,hq,0.034080844895070336,0.07489999746978089,0.059190774832019316,0.6666666666666666,0.3333333333333333,0.3333333333333333,positive
HQ,HQ,HQ,hq_only,field_relevance_score,hq,-0.0095367157323077,0.04317842313049455,0.03478303437695893,0.4444444444444444,0.5555555555555556,0.4444444444444444,negative
HQ,HQ,HQ,hq_only,founding_role_count,hq,-0.02201117139754779,0.13101070222338584,0.10831446806438891,0.5555555555555556,0.4444444444444444,0.4444444444444444,positive
HQ,HQ,HQ,hq_only,founding_timing,hq,0.016399993339727338,0.12306327116642973,0.10506302479084413,0.5555555555555556,0.4444444444444444,0.4444444444444444,positive
HQ,HQ,HQ,hq_only,has_prior_acquisition,hq,0.07249538774314687,0.03729443716985746,0.07249538774314687,1.0,0.0,0.0,positive
HQ,HQ,HQ,hq_only,has_prior_ipo,hq,0.07160291715426131,0.021181654438962014,0.07160291715426131,1.0,0.0,0.0,positive
HQ,HQ,HQ,hq_only,industry_alignment,hq,0.20167550674146206,0.037032360462688096,0.20167550674146206,1.0,0.0,0.0,positive
HQ,HQ,HQ,hq_only,industry_pivot_count,hq,-0.07007150476551499,0.036805435205318496,0.07007150476551499,0.0,1.0,0.0,negative
HQ,HQ,HQ,hq_only,industry_prestige_penalty,hq,0.08316692345978981,0.02969969865942905,0.08316692345978981,1.0,0.0,0.0,positive
HQ,HQ,HQ,hq_only,is_serial_founder,hq,-0.17398345676713226,0.10556650935684411,0.17398345676713226,0.0,1.0,0.0,negative
HQ,HQ,HQ,hq_only,longest_founding_tenure,hq,-0.11309872683412421,0.11967186272934201,0.14109397152209913,0.2222222222222222,0.7777777777777778,0.2222222222222222,negative
HQ,HQ,HQ,hq_only,max_company_size_before_founding,hq,0.06878444208499722,0.07841344575326241,0.09521533677365562,0.7777777777777778,0.2222222222222222,0.2222222222222222,positive
HQ,HQ,HQ,hq_only,max_seniority_reached,hq,0.214765652151775,0.0740683489879988,0.214765652151775,1.0,0.0,0.0,positive
HQ,HQ,HQ,hq_only,persistence_score,hq,0.013029260708031275,0.09847727505941939,0.0720962101755745,0.5555555555555556,0.4444444444444444,0.4444444444444444,positive
HQ,HQ,HQ,hq_only,prestige_sacrifice_score,hq,0.1185749509785995,0.09925703453820899,0.12110855040388777,0.8888888888888888,0.1111111111111111,0.1111111111111111,positive
HQ,HQ,HQ,hq_only,prestige_x_relevance,hq,0.06518967961163452,0.08978020814516048,0.09063441783374691,0.6666666666666666,0.3333333333333333,0.3333333333333333,positive
HQ,HQ,HQ,hq_only,repeat_founding_gap,hq,0.019073264759757156,0.04768028009767672,0.04111578893644113,0.6666666666666666,0.3333333333333333,0.3333333333333333,positive
HQ,HQ,HQ,hq_only,restlessness_score,hq,-0.07751897954195368,0.07024795621417178,0.08468491092236932,0.1111111111111111,0.8888888888888888,0.1111111111111111,negative
HQ,HQ,HQ,hq_only,sacrifice_x_serial,hq,0.15680598396508932,0.11151340736112196,0.15899416107858705,0.8888888888888888,0.1111111111111111,0.1111111111111111,positive
HQ,HQ,HQ,hq_only,seniority_is_monotone,hq,-0.04877344259523713,0.05162993801185211,0.0637719590730089,0.2222222222222222,0.7777777777777778,0.2222222222222222,negative
HQ,HQ,HQ,hq_only,stem_flag,hq,0.04269428871681908,0.0739966879368205,0.07144483658987416,0.6666666666666666,0.3333333333333333,0.3333333333333333,positive
HQ,HQ,HQ,hq_only,total_inferred_experience,hq,-0.3021641518215673,0.1439391268327742,0.3021641518215673,0.0,1.0,0.0,negative
HQ,HQ,HQ,hq_only,years_in_large_company,hq,0.14517163210450829,0.017952372453324296,0.14517163210450829,1.0,0.0,0.0,positive
reasoning_A,A,HQ + A,augmentation_track,A_career_coherence,reasoning,-0.21727868721289872,0.0485511900564731,0.21727868721289872,0.0,1.0,0.0,negative
reasoning_A,A,HQ + A,augmentation_track,A_evidence_support_rating,reasoning,1.0890034993135502,0.10412227085132648,1.0890034993135502,1.0,0.0,0.0,positive
reasoning_A,A,HQ + A,augmentation_track,A_ownership_signal,reasoning,-0.20580940030632294,0.0,0.20580940030632294,0.0,1.0,0.0,negative
reasoning_A,A,HQ + A,augmentation_track,A_scrappiness,reasoning,-0.5490931600463332,0.11032484796372242,0.5490931600463332,0.0,1.0,0.0,negative
reasoning_A,A,HQ + A,augmentation_track,A_trajectory_strength,reasoning,-0.27054662217226355,0.05563439846529251,0.27054662217226355,0.0,1.0,0.0,negative
reasoning_A,A,HQ + A,augmentation_track,best_degree_prestige,hq,0.15361319492119624,0.043417173354443034,0.15361319492119624,1.0,0.0,0.0,positive
reasoning_A,A,HQ + A,augmentation_track,comfort_index,hq,0.0733963973448472,0.043761509629916144,0.08024902057530132,0.8888888888888888,0.1111111111111111,0.1111111111111111,positive
reasoning_A,A,HQ + A,augmentation_track,company_size_is_growing,hq,0.021764355740139678,0.05640197663555574,0.0514909846710293,0.6666666666666666,0.3333333333333333,0.3333333333333333,positive
reasoning_A,A,HQ + A,augmentation_track,degree_level,hq,-0.10460972843998978,0.03474142574060236,0.10460972843998978,0.0,1.0,0.0,negative
reasoning_A,A,HQ + A,augmentation_track,edu_prestige_tier,hq,0.15361319492119624,0.043417173354443034,0.15361319492119624,1.0,0.0,0.0,positive
reasoning_A,A,HQ + A,augmentation_track,exit_count,hq,0.09112090592304957,0.030678100581154725,0.09112090592304957,1.0,0.0,0.0,positive
reasoning_A,A,HQ + A,augmentation_track,exit_x_serial,hq,0.030013051508265037,0.07334728185238962,0.05824858672700829,0.5555555555555556,0.4444444444444444,0.4444444444444444,positive
reasoning_A,A,HQ + A,augmentation_track,field_relevance_score,hq,-0.056749687866005455,0.04962506367300143,0.064389676937347,0.1111111111111111,0.8888888888888888,0.1111111111111111,negative
reasoning_A,A,HQ + A,augmentation_track,founding_role_count,hq,0.006918497464812838,0.1381752745590716,0.1122803106858309,0.5555555555555556,0.4444444444444444,0.4444444444444444,positive
reasoning_A,A,HQ + A,augmentation_track,founding_timing,hq,0.016439022237985525,0.11719422080846477,0.0957843161570426,0.4444444444444444,0.5555555555555556,0.4444444444444444,negative
reasoning_A,A,HQ + A,augmentation_track,has_prior_acquisition,hq,0.06661618866622196,0.03478791901741449,0.06661618866622196,1.0,0.0,0.0,positive
reasoning_A,A,HQ + A,augmentation_track,has_prior_ipo,hq,0.08819588148050472,0.02694562340405278,0.08819588148050472,1.0,0.0,0.0,positive
reasoning_A,A,HQ + A,augmentation_track,industry_alignment,hq,0.19368504591751295,0.028368417776697963,0.19368504591751295,1.0,0.0,0.0,positive
reasoning_A,A,HQ + A,augmentation_track,industry_pivot_count,hq,-0.0721370362501309,0.041157601414514626,0.0721370362501309,0.0,1.0,0.0,negative
reasoning_A,A,HQ + A,augmentation_track,industry_prestige_penalty,hq,0.10903989734868891,0.026590701748115165,0.10903989734868891,1.0,0.0,0.0,positive
reasoning_A,A,HQ + A,augmentation_track,is_serial_founder,hq,-0.19885475628011767,0.11895196340088408,0.19885475628011767,0.0,1.0,0.0,negative
reasoning_A,A,HQ + A,augmentation_track,longest_founding_tenure,hq,-0.16805666388193619,0.11543439880862016,0.17846833167972537,0.1111111111111111,0.8888888888888888,0.1111111111111111,negative
reasoning_A,A,HQ + A,augmentation_track,max_company_size_before_founding,hq,0.1204209211435692,0.06541910595237409,0.12332358317704939,0.8888888888888888,0.1111111111111111,0.1111111111111111,positive
reasoning_A,A,HQ + A,augmentation_track,max_seniority_reached,hq,0.2391381528857666,0.07056260364544041,0.2391381528857666,1.0,0.0,0.0,positive
reasoning_A,A,HQ + A,augmentation_track,persistence_score,hq,0.02068125024032561,0.08626470638922765,0.06713966068037552,0.7777777777777778,0.2222222222222222,0.2222222222222222,positive
reasoning_A,A,HQ + A,augmentation_track,prestige_sacrifice_score,hq,0.07653483399804009,0.08522810016214923,0.09255789687886766,0.8888888888888888,0.1111111111111111,0.1111111111111111,positive
reasoning_A,A,HQ + A,augmentation_track,prestige_x_relevance,hq,0.04746315163179001,0.10226518115040031,0.10596187486808956,0.6666666666666666,0.3333333333333333,0.3333333333333333,positive
reasoning_A,A,HQ + A,augmentation_track,repeat_founding_gap,hq,-0.002050565141632525,0.04514521118794926,0.0326044621842741,0.5555555555555556,0.4444444444444444,0.4444444444444444,positive
reasoning_A,A,HQ + A,augmentation_track,restlessness_score,hq,-0.09897369142660435,0.07521094192691116,0.10545442136241268,0.1111111111111111,0.8888888888888888,0.1111111111111111,negative
reasoning_A,A,HQ + A,augmentation_track,sacrifice_x_serial,hq,0.18654898108424178,0.11353568871214281,0.18654898108424178,1.0,0.0,0.0,positive
reasoning_A,A,HQ + A,augmentation_track,seniority_is_monotone,hq,-0.03273191359247391,0.05383583147169548,0.055678298509816634,0.2222222222222222,0.7777777777777778,0.2222222222222222,negative
reasoning_A,A,HQ + A,augmentation_track,stem_flag,hq,0.08595361750571158,0.08714956015973034,0.10027417149992825,0.8888888888888888,0.1111111111111111,0.1111111111111111,positive
reasoning_A,A,HQ + A,augmentation_track,total_inferred_experience,hq,-0.2635357235377817,0.1303459502787903,0.2635357235377817,0.0,1.0,0.0,negative
reasoning_A,A,HQ + A,augmentation_track,years_in_large_company,hq,0.11919374957845447,0.02473672119692719,0.11919374957845447,1.0,0.0,0.0,positive
reasoning_A,A,HQ + A,competition_track,A_career_coherence,reasoning,-0.21860463049065446,0.04867796961960259,0.21860463049065446,0.0,1.0,0.0,negative
reasoning_A,A,HQ + A,competition_track,A_evidence_support_rating,reasoning,1.0885404102695444,0.10423196884031037,1.0885404102695444,1.0,0.0,0.0,positive
reasoning_A,A,HQ + A,competition_track,A_ownership_signal,reasoning,-0.20610288481784905,0.0,0.20610288481784905,0.0,1.0,0.0,negative
reasoning_A,A,HQ + A,competition_track,A_scrappiness,reasoning,-0.5488420673228778,0.11019420179275413,0.5488420673228778,0.0,1.0,0.0,negative
reasoning_A,A,HQ + A,competition_track,A_trajectory_strength,reasoning,-0.26837185410930003,0.059418923980778096,0.26837185410930003,0.0,1.0,0.0,negative
reasoning_A,A,HQ + A,competition_track,best_degree_prestige,hq,0.15307628725774897,0.04293558116135806,0.15307628725774897,1.0,0.0,0.0,positive
reasoning_A,A,HQ + A,competition_track,comfort_index,hq,0.07315912544327102,0.043825995012645114,0.0801550910789451,0.8888888888888888,0.1111111111111111,0.1111111111111111,positive
reasoning_A,A,HQ + A,competition_track,company_size_is_growing,hq,0.022179503948124863,0.05566728211051904,0.05051675764594461,0.6666666666666666,0.3333333333333333,0.3333333333333333,positive
reasoning_A,A,HQ + A,competition_track,degree_level,hq,-0.10489539084906971,0.034449139391507545,0.10489539084906971,0.0,1.0,0.0,negative
reasoning_A,A,HQ + A,competition_track,edu_prestige_tier,hq,0.15307628725774897,0.04293558116135806,0.15307628725774897,1.0,0.0,0.0,positive
reasoning_A,A,HQ + A,competition_track,exit_count,hq,0.18716782470447704,0.05292157084537508,0.18716782470447704,1.0,0.0,0.0,positive
reasoning_A,A,HQ + A,competition_track,exit_x_serial,hq,0.04573453670578108,0.08664864564658342,0.06890209926857248,0.5555555555555556,0.4444444444444444,0.4444444444444444,positive
reasoning_A,A,HQ + A,competition_track,field_relevance_score,hq,-0.05890902958900268,0.049728601588335516,0.06634396518175098,0.1111111111111111,0.8888888888888888,0.1111111111111111,negative
reasoning_A,A,HQ + A,competition_track,founding_role_count,hq,-0.00614665154234338,0.16941964084516753,0.13568147834277214,0.5714285714285714,0.42857142857142855,0.42857142857142855,positive
reasoning_A,A,HQ + A,competition_track,founding_timing,hq,0.015135409656556357,0.12160638345077147,0.09534862040219848,0.42857142857142855,0.5714285714285714,0.42857142857142855,negative
reasoning_A,A,HQ + A,competition_track,has_prior_ipo,hq,0.07425237464106994,0.021622850877286083,0.07425237464106994,1.0,0.0,0.0,positive
reasoning_A,A,HQ + A,competition_track,industry_alignment,hq,0.19326781429151046,0.028853714659238784,0.19326781429151046,1.0,0.0,0.0,positive
reasoning_A,A,HQ + A,competition_track,industry_pivot_count,hq,-0.07176437955500325,0.04229481634390832,0.07176437955500325,0.0,1.0,0.0,negative
reasoning_A,A,HQ + A,competition_track,industry_prestige_penalty,hq,0.10903234121738486,0.02672086302685368,0.10903234121738486,1.0,0.0,0.0,positive
reasoning_A,A,HQ + A,competition_track,is_serial_founder,hq,-0.18733785798780264,0.11508481513920503,0.18733785798780264,0.0,1.0,0.0,negative
reasoning_A,A,HQ + A,competition_track,longest_founding_tenure,hq,-0.16619211656271388,0.11333784538683343,0.1769035019652784,0.1111111111111111,0.8888888888888888,0.1111111111111111,negative
reasoning_A,A,HQ + A,competition_track,max_company_size_before_founding,hq,0.12004053037765211,0.0611169281795157,0.12066001554987985,0.8888888888888888,0.1111111111111111,0.1111111111111111,positive
reasoning_A,A,HQ + A,competition_track,max_seniority_reached,hq,0.24129748232846898,0.07196537679058831,0.24129748232846898,1.0,0.0,0.0,positive
reasoning_A,A,HQ + A,competition_track,persistence_score,hq,0.023123126404486303,0.08579337808444312,0.06874667978658097,0.7777777777777778,0.2222222222222222,0.2222222222222222,positive
reasoning_A,A,HQ + A,competition_track,prestige_sacrifice_score,hq,0.0797501685912658,0.07906586603093867,0.09095914099473766,0.8888888888888888,0.1111111111111111,0.1111111111111111,positive
reasoning_A,A,HQ + A,competition_track,prestige_x_relevance,hq,0.04873711546586484,0.10081901105310112,0.10545070275478985,0.6666666666666666,0.3333333333333333,0.3333333333333333,positive
reasoning_A,A,HQ + A,competition_track,repeat_founding_gap,hq,-0.0017908341732564847,0.04449450150095833,0.032638873867095755,0.5555555555555556,0.4444444444444444,0.4444444444444444,positive
reasoning_A,A,HQ + A,competition_track,restlessness_score,hq,-0.09757336076595906,0.076256000178587,0.10497805946588795,0.1111111111111111,0.8888888888888888,0.1111111111111111,negative
reasoning_A,A,HQ + A,competition_track,sacrifice_x_serial,hq,0.20118933441086617,0.11079383808833126,0.20118933441086617,1.0,0.0,0.0,positive
reasoning_A,A,HQ + A,competition_track,seniority_is_monotone,hq,-0.03395322652582422,0.0526612333604954,0.05456409198213256,0.2222222222222222,0.7777777777777778,0.2222222222222222,negative
reasoning_A,A,HQ + A,competition_track,stem_flag,hq,0.08817609339558058,0.08773393782689269,0.10273628788505233,0.8888888888888888,0.1111111111111111,0.1111111111111111,positive
reasoning_A,A,HQ + A,competition_track,total_inferred_experience,hq,-0.2598015384281065,0.1093166978040503,0.2598015384281065,0.0,1.0,0.0,negative
reasoning_A,A,HQ + A,competition_track,years_in_large_company,hq,0.11942531069931585,0.025839707804696202,0.11942531069931585,1.0,0.0,0.0,positive
reasoning_A,A,HQ + A,raw_family,A_career_coherence,reasoning,-0.14424121030246267,0.04534270438256174,0.14424121030246267,0.0,1.0,0.0,negative
reasoning_A,A,HQ + A,raw_family,A_evidence_support_rating,reasoning,1.1190072980083339,0.10385059720256369,1.1190072980083339,1.0,0.0,0.0,positive
reasoning_A,A,HQ + A,raw_family,A_ownership_signal,reasoning,-0.091619706828263,0.06781468382581503,0.0957144814465136,0.1111111111111111,0.8888888888888888,0.1111111111111111,negative
reasoning_A,A,HQ + A,raw_family,A_scrappiness,reasoning,-0.4835672675723061,0.08246847236778294,0.4835672675723061,0.0,1.0,0.0,negative
reasoning_A,A,HQ + A,raw_family,A_trajectory_strength,reasoning,-0.16727947365735582,0.05768712687781768,0.16727947365735582,0.0,1.0,0.0,negative
reasoning_A,A,HQ + A,raw_family,best_degree_prestige,hq,0.15164513955878162,0.04137761050898791,0.15164513955878162,1.0,0.0,0.0,positive
reasoning_A,A,HQ + A,raw_family,comfort_index,hq,0.07342545764659812,0.04439082410747471,0.08082662645549762,0.8888888888888888,0.1111111111111111,0.1111111111111111,positive
reasoning_A,A,HQ + A,raw_family,company_size_is_growing,hq,0.02155459172084858,0.05602020197257427,0.051247112749327035,0.6666666666666666,0.3333333333333333,0.3333333333333333,positive
reasoning_A,A,HQ + A,raw_family,degree_level,hq,-0.10325535452105086,0.03694852577725692,0.10325535452105086,0.0,1.0,0.0,negative
reasoning_A,A,HQ + A,raw_family,edu_prestige_tier,hq,0.15164513955878162,0.04137761050898791,0.15164513955878162,1.0,0.0,0.0,positive
reasoning_A,A,HQ + A,raw_family,exit_count,hq,0.08978204231906234,0.030606417819852915,0.08978204231906234,1.0,0.0,0.0,positive
reasoning_A,A,HQ + A,raw_family,exit_x_serial,hq,0.035024799000063084,0.07195044249324628,0.05626623090012412,0.6666666666666666,0.3333333333333333,0.3333333333333333,positive
reasoning_A,A,HQ + A,raw_family,field_relevance_score,hq,-0.0582102390130327,0.05131200194992842,0.06569971977762704,0.1111111111111111,0.8888888888888888,0.1111111111111111,negative
reasoning_A,A,HQ + A,raw_family,founding_role_count,hq,0.002125247894234489,0.13262857719112742,0.10841980546784785,0.5555555555555556,0.4444444444444444,0.4444444444444444,positive
reasoning_A,A,HQ + A,raw_family,founding_timing,hq,0.020658528450608594,0.11624058205057278,0.09257457480124888,0.4444444444444444,0.5555555555555556,0.4444444444444444,negative
reasoning_A,A,HQ + A,raw_family,has_prior_acquisition,hq,0.06477501194606824,0.03424914000162188,0.06477501194606824,1.0,0.0,0.0,positive
reasoning_A,A,HQ + A,raw_family,has_prior_ipo,hq,0.08908128891811551,0.02562379738128948,0.08908128891811551,1.0,0.0,0.0,positive
reasoning_A,A,HQ + A,raw_family,industry_alignment,hq,0.19252448138856137,0.027622213925007067,0.19252448138856137,1.0,0.0,0.0,positive
reasoning_A,A,HQ + A,raw_family,industry_pivot_count,hq,-0.07082416563074062,0.04089021867967502,0.07082416563074062,0.0,1.0,0.0,negative
reasoning_A,A,HQ + A,raw_family,industry_prestige_penalty,hq,0.11088971184812074,0.024409693428317347,0.11088971184812074,1.0,0.0,0.0,positive
reasoning_A,A,HQ + A,raw_family,is_serial_founder,hq,-0.1953770045575784,0.11716898139951276,0.1953770045575784,0.0,1.0,0.0,negative
reasoning_A,A,HQ + A,raw_family,longest_founding_tenure,hq,-0.16912024235861103,0.115003329015845,0.17992642267382386,0.1111111111111111,0.8888888888888888,0.1111111111111111,negative
reasoning_A,A,HQ + A,raw_family,max_company_size_before_founding,hq,0.12100697750173683,0.06615942265567223,0.1248270987374056,0.8888888888888888,0.1111111111111111,0.1111111111111111,positive
reasoning_A,A,HQ + A,raw_family,max_seniority_reached,hq,0.24208572312558985,0.07084863489438965,0.24208572312558985,1.0,0.0,0.0,positive
reasoning_A,A,HQ + A,raw_family,persistence_score,hq,0.023191737292294054,0.08593047428115445,0.06773706197009845,0.7777777777777778,0.2222222222222222,0.2222222222222222,positive
reasoning_A,A,HQ + A,raw_family,prestige_sacrifice_score,hq,0.0740537716983336,0.08633950895883263,0.0904858592888847,0.7777777777777778,0.2222222222222222,0.2222222222222222,positive
reasoning_A,A,HQ + A,raw_family,prestige_x_relevance,hq,0.050437114485971074,0.09883095907436718,0.10150273434970532,0.6666666666666666,0.3333333333333333,0.3333333333333333,positive
reasoning_A,A,HQ + A,raw_family,repeat_founding_gap,hq,-0.0023995965771726486,0.045745264958114804,0.03309436239417672,0.4444444444444444,0.5555555555555556,0.4444444444444444,negative
reasoning_A,A,HQ + A,raw_family,restlessness_score,hq,-0.09879426841625041,0.07390073198200968,0.10491013364295301,0.1111111111111111,0.8888888888888888,0.1111111111111111,negative
reasoning_A,A,HQ + A,raw_family,sacrifice_x_serial,hq,0.18430396161342216,0.11210626556333574,0.18430396161342216,1.0,0.0,0.0,positive
reasoning_A,A,HQ + A,raw_family,seniority_is_monotone,hq,-0.03258948761255085,0.05335190161399298,0.055125836702603424,0.2222222222222222,0.7777777777777778,0.2222222222222222,negative
reasoning_A,A,HQ + A,raw_family,stem_flag,hq,0.08500928446959229,0.08775281335281646,0.10019780979451302,0.8888888888888888,0.1111111111111111,0.1111111111111111,positive
reasoning_A,A,HQ + A,raw_family,total_inferred_experience,hq,-0.26556191567407905,0.1270356394445082,0.26556191567407905,0.0,1.0,0.0,negative
reasoning_A,A,HQ + A,raw_family,years_in_large_company,hq,0.1202525293194219,0.02604070276664012,0.1202525293194219,1.0,0.0,0.0,positive
reasoning_B,B,HQ + B,augmentation_track,B_evidence_support_rating,reasoning,0.32371333926863555,0.14723671775699315,0.32371333926863555,1.0,0.0,0.0,positive
reasoning_B,B,HQ + B,augmentation_track,B_rubric_score,reasoning,-0.3247382805662875,0.038259313997902895,0.3247382805662875,0.0,1.0,0.0,negative
reasoning_B,B,HQ + B,augmentation_track,best_degree_prestige,hq,0.14772138154593836,0.045433855661672365,0.14772138154593836,1.0,0.0,0.0,positive
reasoning_B,B,HQ + B,augmentation_track,comfort_index,hq,0.06010407706449436,0.0416984502464308,0.06821466553991334,0.8888888888888888,0.1111111111111111,0.1111111111111111,positive
reasoning_B,B,HQ + B,augmentation_track,company_size_is_growing,hq,0.023202833701273923,0.05206529052065506,0.04965951755114967,0.7777777777777778,0.2222222222222222,0.2222222222222222,positive
reasoning_B,B,HQ + B,augmentation_track,degree_level,hq,-0.0904092545792326,0.038268913524679496,0.0904092545792326,0.0,1.0,0.0,negative
reasoning_B,B,HQ + B,augmentation_track,edu_prestige_tier,hq,0.14772138154593836,0.045433855661672365,0.14772138154593836,1.0,0.0,0.0,positive
reasoning_B,B,HQ + B,augmentation_track,exit_count,hq,0.08903615111199467,0.03203031963672651,0.08903615111199467,1.0,0.0,0.0,positive
reasoning_B,B,HQ + B,augmentation_track,exit_x_serial,hq,0.03761112321572943,0.07488925716655223,0.05980053941767083,0.6666666666666666,0.3333333333333333,0.3333333333333333,positive
reasoning_B,B,HQ + B,augmentation_track,field_relevance_score,hq,-0.010616722631345683,0.044515791278009226,0.035649316876518816,0.4444444444444444,0.5555555555555556,0.4444444444444444,negative
reasoning_B,B,HQ + B,augmentation_track,founding_role_count,hq,-0.017213651248651915,0.13168551821410654,0.10765578789639947,0.5555555555555556,0.4444444444444444,0.4444444444444444,positive
reasoning_B,B,HQ + B,augmentation_track,founding_timing,hq,0.011282843208273233,0.12365590449783848,0.10530129256132587,0.5555555555555556,0.4444444444444444,0.4444444444444444,positive
reasoning_B,B,HQ + B,augmentation_track,has_prior_acquisition,hq,0.07008955179800076,0.03731773695565209,0.07008955179800076,1.0,0.0,0.0,positive
reasoning_B,B,HQ + B,augmentation_track,has_prior_ipo,hq,0.07394786303495553,0.021939288453643943,0.07394786303495553,1.0,0.0,0.0,positive
reasoning_B,B,HQ + B,augmentation_track,industry_alignment,hq,0.2015397243993314,0.0356999691971248,0.2015397243993314,1.0,0.0,0.0,positive
reasoning_B,B,HQ + B,augmentation_track,industry_pivot_count,hq,-0.06868788194242324,0.03661301153823174,0.06868788194242324,0.0,1.0,0.0,negative
reasoning_B,B,HQ + B,augmentation_track,industry_prestige_penalty,hq,0.0819116277021207,0.029585157937716162,0.0819116277021207,1.0,0.0,0.0,positive
reasoning_B,B,HQ + B,augmentation_track,is_serial_founder,hq,-0.16874053986806886,0.10452718955144127,0.16874053986806886,0.0,1.0,0.0,negative
reasoning_B,B,HQ + B,augmentation_track,longest_founding_tenure,hq,-0.1204888984715029,0.12002046038678378,0.1455444898330465,0.2222222222222222,0.7777777777777778,0.2222222222222222,negative
reasoning_B,B,HQ + B,augmentation_track,max_company_size_before_founding,hq,0.06937045266719179,0.07863656891474702,0.09564323527093467,0.7777777777777778,0.2222222222222222,0.2222222222222222,positive
reasoning_B,B,HQ + B,augmentation_track,max_seniority_reached,hq,0.21790340369901387,0.07255199925235711,0.21790340369901387,1.0,0.0,0.0,positive
reasoning_B,B,HQ + B,augmentation_track,persistence_score,hq,0.013305769247376495,0.09843679621845788,0.07390667617581431,0.5555555555555556,0.4444444444444444,0.4444444444444444,positive
reasoning_B,B,HQ + B,augmentation_track,prestige_sacrifice_score,hq,0.11729664141752583,0.09565438101803886,0.11982649222899035,0.8888888888888888,0.1111111111111111,0.1111111111111111,positive
reasoning_B,B,HQ + B,augmentation_track,prestige_x_relevance,hq,0.05965850273753304,0.09437818584970331,0.09280788979478702,0.6666666666666666,0.3333333333333333,0.3333333333333333,positive
reasoning_B,B,HQ + B,augmentation_track,repeat_founding_gap,hq,0.02018053030738176,0.04740598171748346,0.04169774110547983,0.6666666666666666,0.3333333333333333,0.3333333333333333,positive
reasoning_B,B,HQ + B,augmentation_track,restlessness_score,hq,-0.08218267090043313,0.07399432522402095,0.08942355058527104,0.1111111111111111,0.8888888888888888,0.1111111111111111,negative
reasoning_B,B,HQ + B,augmentation_track,sacrifice_x_serial,hq,0.15514573613774474,0.1065856781898217,0.156951169367282,0.8888888888888888,0.1111111111111111,0.1111111111111111,positive
reasoning_B,B,HQ + B,augmentation_track,seniority_is_monotone,hq,-0.05087500123125576,0.05322394589627548,0.06620372761576533,0.2222222222222222,0.7777777777777778,0.2222222222222222,negative
reasoning_B,B,HQ + B,augmentation_track,stem_flag,hq,0.04996841905131187,0.07676956697081574,0.07563640123518006,0.6666666666666666,0.3333333333333333,0.3333333333333333,positive
reasoning_B,B,HQ + B,augmentation_track,total_inferred_experience,hq,-0.2985490196231243,0.14245654233436894,0.2985490196231243,0.0,1.0,0.0,negative
reasoning_B,B,HQ + B,augmentation_track,years_in_large_company,hq,0.14653577658784916,0.018707647101115096,0.14653577658784916,1.0,0.0,0.0,positive
reasoning_B,B,HQ + B,competition_track,B_evidence_support_rating,reasoning,0.3220578114405656,0.14584832594470878,0.3220578114405656,1.0,0.0,0.0,positive
reasoning_B,B,HQ + B,competition_track,B_rubric_score,reasoning,-0.3223221989154417,0.03513392690661747,0.3223221989154417,0.0,1.0,0.0,negative
reasoning_B,B,HQ + B,competition_track,best_degree_prestige,hq,0.1461806211506934,0.04590589482855784,0.1461806211506934,1.0,0.0,0.0,positive
reasoning_B,B,HQ + B,competition_track,comfort_index,hq,0.05966756284881685,0.04165838160623807,0.06778258567383602,0.8888888888888888,0.1111111111111111,0.1111111111111111,positive
reasoning_B,B,HQ + B,competition_track,company_size_is_growing,hq,0.022621905248289505,0.05226542040116407,0.04970054737336489,0.6666666666666666,0.3333333333333333,0.3333333333333333,positive
reasoning_B,B,HQ + B,competition_track,degree_level,hq,-0.09024619202191828,0.038631115038499524,0.09024619202191828,0.0,1.0,0.0,negative
reasoning_B,B,HQ + B,competition_track,edu_prestige_tier,hq,0.1461806211506934,0.04590589482855784,0.1461806211506934,1.0,0.0,0.0,positive
reasoning_B,B,HQ + B,competition_track,exit_count,hq,0.18962266863232044,0.06324360145401695,0.18962266863232044,1.0,0.0,0.0,positive
reasoning_B,B,HQ + B,competition_track,exit_x_serial,hq,0.05986217463107815,0.07808839217701277,0.07207043109728431,0.8888888888888888,0.1111111111111111,0.1111111111111111,positive
reasoning_B,B,HQ + B,competition_track,field_relevance_score,hq,-0.011803085764529835,0.04409593853696863,0.03666428854542476,0.3333333333333333,0.6666666666666666,0.3333333333333333,negative
reasoning_B,B,HQ + B,competition_track,founding_role_count,hq,-0.02742303216991854,0.1364181973343505,0.11834152554135802,0.4444444444444444,0.5555555555555556,0.4444444444444444,negative
reasoning_B,B,HQ + B,competition_track,founding_timing,hq,0.007586480535181392,0.11832504834097707,0.10092575865764793,0.4444444444444444,0.5555555555555556,0.4444444444444444,negative
reasoning_B,B,HQ + B,competition_track,has_prior_ipo,hq,0.06702476445571443,0.009410873601054753,0.06702476445571443,1.0,0.0,0.0,positive
reasoning_B,B,HQ + B,competition_track,industry_alignment,hq,0.20127079760009414,0.03554408475043801,0.20127079760009414,1.0,0.0,0.0,positive
reasoning_B,B,HQ + B,competition_track,industry_pivot_count,hq,-0.06939675024614783,0.03734154477578574,0.06939675024614783,0.0,1.0,0.0,negative
reasoning_B,B,HQ + B,competition_track,industry_prestige_penalty,hq,0.08278602076205213,0.0294583842514372,0.08278602076205213,1.0,0.0,0.0,positive
reasoning_B,B,HQ + B,competition_track,is_serial_founder,hq,-0.1635841434361732,0.10937801914999708,0.1635841434361732,0.0,1.0,0.0,negative
reasoning_B,B,HQ + B,competition_track,longest_founding_tenure,hq,-0.12031285735696587,0.12080007664905339,0.1462273375608359,0.2222222222222222,0.7777777777777778,0.2222222222222222,negative
reasoning_B,B,HQ + B,competition_track,max_company_size_before_founding,hq,0.06929453337394795,0.07982859295070019,0.09680822326530839,0.7777777777777778,0.2222222222222222,0.2222222222222222,positive
reasoning_B,B,HQ + B,competition_track,max_seniority_reached,hq,0.2220027822068897,0.07241000775324295,0.2220027822068897,1.0,0.0,0.0,positive
reasoning_B,B,HQ + B,competition_track,persistence_score,hq,0.013055182803591097,0.09946168731828471,0.0744244227685033,0.5555555555555556,0.4444444444444444,0.4444444444444444,positive
reasoning_B,B,HQ + B,competition_track,prestige_sacrifice_score,hq,0.1145618961872637,0.09494745131641422,0.11619728495793938,0.8888888888888888,0.1111111111111111,0.1111111111111111,positive
reasoning_B,B,HQ + B,competition_track,prestige_x_relevance,hq,0.06393352990793183,0.0953453219889281,0.09537432396422463,0.6666666666666666,0.3333333333333333,0.3333333333333333,positive
reasoning_B,B,HQ + B,competition_track,repeat_founding_gap,hq,0.019955609275347435,0.0487649859591783,0.04268927665404598,0.7777777777777778,0.2222222222222222,0.2222222222222222,positive
reasoning_B,B,HQ + B,competition_track,restlessness_score,hq,-0.08210475153084457,0.07262136885153399,0.08852450617111142,0.1111111111111111,0.8888888888888888,0.1111111111111111,negative
reasoning_B,B,HQ + B,competition_track,sacrifice_x_serial,hq,0.15669789663810718,0.10635476913897252,0.15832688988109772,0.8888888888888888,0.1111111111111111,0.1111111111111111,positive
reasoning_B,B,HQ + B,competition_track,seniority_is_monotone,hq,-0.05041173308926383,0.05446736630316316,0.06681933804884688,0.2222222222222222,0.7777777777777778,0.2222222222222222,negative
reasoning_B,B,HQ + B,competition_track,stem_flag,hq,0.04841208065969738,0.07636968787815515,0.07515962809041371,0.6666666666666666,0.3333333333333333,0.3333333333333333,positive
reasoning_B,B,HQ + B,competition_track,total_inferred_experience,hq,-0.29328202259643404,0.13957881309051495,0.29328202259643404,0.0,1.0,0.0,negative
reasoning_B,B,HQ + B,competition_track,years_in_large_company,hq,0.1465952358631197,0.019621335887782674,0.1465952358631197,1.0,0.0,0.0,positive
reasoning_B,B,HQ + B,raw_family,B_evidence_support_rating,reasoning,0.3844039277275064,0.058207302581965804,0.3844039277275064,1.0,0.0,0.0,positive
reasoning_B,B,HQ + B,raw_family,B_rubric_score,reasoning,-0.31802157646109225,0.03815865791532329,0.31802157646109225,0.0,1.0,0.0,negative
reasoning_B,B,HQ + B,raw_family,best_degree_prestige,hq,0.1482617344539955,0.04458352825492042,0.1482617344539955,1.0,0.0,0.0,positive
reasoning_B,B,HQ + B,raw_family,comfort_index,hq,0.060135784349458495,0.04160109789458826,0.06824637282487746,0.8888888888888888,0.1111111111111111,0.1111111111111111,positive
reasoning_B,B,HQ + B,raw_family,company_size_is_growing,hq,0.02346859382994955,0.05248342187487188,0.049925277679827094,0.7777777777777778,0.2222222222222222,0.2222222222222222,positive
reasoning_B,B,HQ + B,raw_family,degree_level,hq,-0.08978852910938788,0.0376850677800311,0.08978852910938788,0.0,1.0,0.0,negative
reasoning_B,B,HQ + B,raw_family,edu_prestige_tier,hq,0.1482617344539955,0.04458352825492042,0.1482617344539955,1.0,0.0,0.0,positive
reasoning_B,B,HQ + B,raw_family,exit_count,hq,0.08880039501892631,0.03224259988475753,0.08880039501892631,1.0,0.0,0.0,positive
reasoning_B,B,HQ + B,raw_family,exit_x_serial,hq,0.03763734706845577,0.0745604650621136,0.05982676327040264,0.6666666666666666,0.3333333333333333,0.3333333333333333,positive
reasoning_B,B,HQ + B,raw_family,field_relevance_score,hq,-0.009678860124697418,0.04587176696844444,0.0365871793831793,0.4444444444444444,0.5555555555555556,0.4444444444444444,negative
reasoning_B,B,HQ + B,raw_family,founding_role_count,hq,-0.013846106862024452,0.12751120436520533,0.10428824350977885,0.5555555555555556,0.4444444444444444,0.4444444444444444,positive
reasoning_B,B,HQ + B,raw_family,founding_timing,hq,0.011794445314984348,0.12342663118857969,0.10550759782949917,0.5555555555555556,0.4444444444444444,0.4444444444444444,positive
reasoning_B,B,HQ + B,raw_family,has_prior_acquisition,hq,0.06950402931054438,0.03791045989224669,0.06950402931054438,1.0,0.0,0.0,positive
reasoning_B,B,HQ + B,raw_family,has_prior_ipo,hq,0.07476522153105898,0.022344031322287905,0.07476522153105898,1.0,0.0,0.0,positive
reasoning_B,B,HQ + B,raw_family,industry_alignment,hq,0.20173843769407554,0.03583033037026857,0.20173843769407554,1.0,0.0,0.0,positive
reasoning_B,B,HQ + B,raw_family,industry_pivot_count,hq,-0.06889814327740051,0.03648096390662313,0.06889814327740051,0.0,1.0,0.0,negative
reasoning_B,B,HQ + B,raw_family,industry_prestige_penalty,hq,0.08162032161506146,0.02932024498419539,0.08162032161506146,1.0,0.0,0.0,positive
reasoning_B,B,HQ + B,raw_family,is_serial_founder,hq,-0.16955278210634328,0.10429331849349374,0.16955278210634328,0.0,1.0,0.0,negative
reasoning_B,B,HQ + B,raw_family,longest_founding_tenure,hq,-0.12175736451853982,0.11864994192788916,0.14442096166780594,0.2222222222222222,0.7777777777777778,0.2222222222222222,negative
reasoning_B,B,HQ + B,raw_family,max_company_size_before_founding,hq,0.06980578603510776,0.07863121090879953,0.09607856863885707,0.7777777777777778,0.2222222222222222,0.2222222222222222,positive
reasoning_B,B,HQ + B,raw_family,max_seniority_reached,hq,0.21708985608423553,0.07281341031183347,0.21708985608423553,1.0,0.0,0.0,positive
reasoning_B,B,HQ + B,raw_family,persistence_score,hq,0.014499514019860346,0.09823342757698428,0.0730793864451497,0.6666666666666666,0.3333333333333333,0.3333333333333333,positive
reasoning_B,B,HQ + B,raw_family,prestige_sacrifice_score,hq,0.11755412930669183,0.09605991462555549,0.12046902723206898,0.8888888888888888,0.1111111111111111,0.1111111111111111,positive
reasoning_B,B,HQ + B,raw_family,prestige_x_relevance,hq,0.058554241317682894,0.09275306242627547,0.09170362837493717,0.6666666666666666,0.3333333333333333,0.3333333333333333,positive
reasoning_B,B,HQ + B,raw_family,repeat_founding_gap,hq,0.021109309065269477,0.04756690578206101,0.041848239130489004,0.6666666666666666,0.3333333333333333,0.3333333333333333,positive
reasoning_B,B,HQ + B,raw_family,restlessness_score,hq,-0.08303981910794002,0.07354800103249116,0.090280698792785,0.1111111111111111,0.8888888888888888,0.1111111111111111,negative
reasoning_B,B,HQ + B,raw_family,sacrifice_x_serial,hq,0.15399179762253312,0.10744948458321392,0.15579723085207048,0.8888888888888888,0.1111111111111111,0.1111111111111111,positive
reasoning_B,B,HQ + B,raw_family,seniority_is_monotone,hq,-0.05110047364004534,0.0533167944348067,0.06642920002455568,0.2222222222222222,0.7777777777777778,0.2222222222222222,negative
reasoning_B,B,HQ + B,raw_family,stem_flag,hq,0.04946222885311578,0.07661378144717246,0.07500357276210409,0.6666666666666666,0.3333333333333333,0.3333333333333333,positive
reasoning_B,B,HQ + B,raw_family,total_inferred_experience,hq,-0.29802669728019676,0.1422819232943702,0.29802669728019676,0.0,1.0,0.0,negative
reasoning_B,B,HQ + B,raw_family,years_in_large_company,hq,0.14564617845332065,0.018644952648296895,0.14564617845332065,1.0,0.0,0.0,positive
reasoning_C,C,HQ + C,augmentation_track,C_evidence_support_rating,reasoning,0.24243855694340907,0.0,0.24243855694340907,1.0,0.0,0.0,positive
reasoning_C,C,HQ + C,augmentation_track,C_latent_risk,reasoning,0.3070945005422559,0.14301610776089102,0.3108806791408073,0.8571428571428571,0.14285714285714285,0.14285714285714285,positive
reasoning_C,C,HQ + C,augmentation_track,C_latent_strength,reasoning,0.30212565841736627,0.10241439708570041,0.30212565841736627,1.0,0.0,0.0,positive
reasoning_C,C,HQ + C,augmentation_track,best_degree_prestige,hq,0.14376980838908465,0.04306532895177697,0.14376980838908465,1.0,0.0,0.0,positive
reasoning_C,C,HQ + C,augmentation_track,comfort_index,hq,0.056280046894795294,0.042060582857302006,0.06563212245431767,0.8888888888888888,0.1111111111111111,0.1111111111111111,positive
reasoning_C,C,HQ + C,augmentation_track,company_size_is_growing,hq,0.02354827556465015,0.05116978356868533,0.049674714744335276,0.7777777777777778,0.2222222222222222,0.2222222222222222,positive
reasoning_C,C,HQ + C,augmentation_track,degree_level,hq,-0.09884820161408904,0.03760451109577232,0.09884820161408904,0.0,1.0,0.0,negative
reasoning_C,C,HQ + C,augmentation_track,edu_prestige_tier,hq,0.14376980838908465,0.04306532895177697,0.14376980838908465,1.0,0.0,0.0,positive
reasoning_C,C,HQ + C,augmentation_track,exit_count,hq,0.09273212866467141,0.03433506292427208,0.09273212866467141,1.0,0.0,0.0,positive
reasoning_C,C,HQ + C,augmentation_track,exit_x_serial,hq,0.028577675983554224,0.08044682084548434,0.06168653155586606,0.5555555555555556,0.4444444444444444,0.4444444444444444,positive
reasoning_C,C,HQ + C,augmentation_track,field_relevance_score,hq,-0.016642608519020306,0.04570186562855183,0.04061583869185829,0.2222222222222222,0.7777777777777778,0.2222222222222222,negative
reasoning_C,C,HQ + C,augmentation_track,founding_role_count,hq,-0.023290633818904054,0.1263150059864244,0.10388658625380692,0.5555555555555556,0.4444444444444444,0.4444444444444444,positive
reasoning_C,C,HQ + C,augmentation_track,founding_timing,hq,0.012258242317581824,0.1262925772226103,0.10875557674502133,0.5555555555555556,0.4444444444444444,0.4444444444444444,positive
reasoning_C,C,HQ + C,augmentation_track,has_prior_acquisition,hq,0.07286263526140203,0.03888637205134733,0.07286263526140203,1.0,0.0,0.0,positive
reasoning_C,C,HQ + C,augmentation_track,has_prior_ipo,hq,0.07733506426365087,0.022245930519105447,0.07733506426365087,1.0,0.0,0.0,positive
reasoning_C,C,HQ + C,augmentation_track,industry_alignment,hq,0.2034813898856444,0.03653365667423614,0.2034813898856444,1.0,0.0,0.0,positive
reasoning_C,C,HQ + C,augmentation_track,industry_pivot_count,hq,-0.06838812655471516,0.037253399991212494,0.06838812655471516,0.0,1.0,0.0,negative
reasoning_C,C,HQ + C,augmentation_track,industry_prestige_penalty,hq,0.08262193034845566,0.029302537772145767,0.08262193034845566,1.0,0.0,0.0,positive
reasoning_C,C,HQ + C,augmentation_track,is_serial_founder,hq,-0.17031967291909403,0.10895333000973767,0.17031967291909403,0.0,1.0,0.0,negative
reasoning_C,C,HQ + C,augmentation_track,longest_founding_tenure,hq,-0.11398839066768751,0.11612911291007373,0.1382044443820114,0.2222222222222222,0.7777777777777778,0.2222222222222222,negative
reasoning_C,C,HQ + C,augmentation_track,max_company_size_before_founding,hq,0.07293855092704411,0.07608122039144796,0.09524786879528511,0.7777777777777778,0.2222222222222222,0.2222222222222222,positive
reasoning_C,C,HQ + C,augmentation_track,max_seniority_reached,hq,0.2154085574231292,0.07367095367860478,0.2154085574231292,1.0,0.0,0.0,positive
reasoning_C,C,HQ + C,augmentation_track,persistence_score,hq,0.01570333153013939,0.09764179885008457,0.07358389893225598,0.5555555555555556,0.4444444444444444,0.4444444444444444,positive
reasoning_C,C,HQ + C,augmentation_track,prestige_sacrifice_score,hq,0.11699327057492691,0.09537305183010174,0.11952687000021517,0.8888888888888888,0.1111111111111111,0.1111111111111111,positive
reasoning_C,C,HQ + C,augmentation_track,prestige_x_relevance,hq,0.06975984705997779,0.08812385898663831,0.09330398493050539,0.6666666666666666,0.3333333333333333,0.3333333333333333,positive
reasoning_C,C,HQ + C,augmentation_track,repeat_founding_gap,hq,0.01402406525654769,0.04787494391891129,0.03884951477942894,0.6666666666666666,0.3333333333333333,0.3333333333333333,positive
reasoning_C,C,HQ + C,augmentation_track,restlessness_score,hq,-0.08092614011941718,0.07072381139634684,0.08584746483973847,0.1111111111111111,0.8888888888888888,0.1111111111111111,negative
reasoning_C,C,HQ + C,augmentation_track,sacrifice_x_serial,hq,0.15520386034042544,0.11324690299024803,0.15829161743819553,0.8888888888888888,0.1111111111111111,0.1111111111111111,positive
reasoning_C,C,HQ + C,augmentation_track,seniority_is_monotone,hq,-0.049767052535702135,0.05155001691373283,0.06477484909648569,0.2222222222222222,0.7777777777777778,0.2222222222222222,negative
reasoning_C,C,HQ + C,augmentation_track,stem_flag,hq,0.05159931738454972,0.07710678094210775,0.07526077466115852,0.7777777777777778,0.2222222222222222,0.2222222222222222,positive
reasoning_C,C,HQ + C,augmentation_track,total_inferred_experience,hq,-0.30278098641757384,0.15030507518694308,0.30278098641757384,0.0,1.0,0.0,negative
reasoning_C,C,HQ + C,augmentation_track,years_in_large_company,hq,0.14757328903936218,0.01961675691112993,0.14757328903936218,1.0,0.0,0.0,positive
reasoning_C,C,HQ + C,competition_track,C_evidence_support_rating,reasoning,0.24708746819067187,0.0,0.24708746819067187,1.0,0.0,0.0,positive
reasoning_C,C,HQ + C,competition_track,C_latent_risk,reasoning,0.30564958022413047,0.142437484086652,0.30961126181178406,0.8571428571428571,0.14285714285714285,0.14285714285714285,positive
reasoning_C,C,HQ + C,competition_track,C_latent_strength,reasoning,0.3005030944980975,0.10322982700866361,0.3005030944980975,1.0,0.0,0.0,positive
reasoning_C,C,HQ + C,competition_track,best_degree_prestige,hq,0.14293527632759537,0.043293801091846745,0.14293527632759537,1.0,0.0,0.0,positive
reasoning_C,C,HQ + C,competition_track,comfort_index,hq,0.05579996023641679,0.042170571381879476,0.06527087230270798,0.8888888888888888,0.1111111111111111,0.1111111111111111,positive
reasoning_C,C,HQ + C,competition_track,company_size_is_growing,hq,0.023368847891591098,0.05165125465909889,0.04966566271342215,0.7777777777777778,0.2222222222222222,0.2222222222222222,positive
reasoning_C,C,HQ + C,competition_track,degree_level,hq,-0.09911250034174217,0.036450792142130074,0.09911250034174217,0.0,1.0,0.0,negative
reasoning_C,C,HQ + C,competition_track,edu_prestige_tier,hq,0.14293527632759537,0.043293801091846745,0.14293527632759537,1.0,0.0,0.0,positive
reasoning_C,C,HQ + C,competition_track,exit_count,hq,0.19221653566122102,0.07462616092938255,0.19221653566122102,1.0,0.0,0.0,positive
reasoning_C,C,HQ + C,competition_track,exit_x_serial,hq,0.05174166446937023,0.08378288258102679,0.07083761345402877,0.6666666666666666,0.3333333333333333,0.3333333333333333,positive
reasoning_C,C,HQ + C,competition_track,field_relevance_score,hq,-0.01643970493576327,0.045393898591345495,0.03993896695467591,0.2222222222222222,0.7777777777777778,0.2222222222222222,negative
reasoning_C,C,HQ + C,competition_track,founding_role_count,hq,-0.03460141256016306,0.13202229976355997,0.11370332638046114,0.3333333333333333,0.6666666666666666,0.3333333333333333,negative
reasoning_C,C,HQ + C,competition_track,founding_timing,hq,-0.01496617417750288,0.10478646805475074,0.0915042884094429,0.5,0.5,0.5,none
reasoning_C,C,HQ + C,competition_track,has_prior_ipo,hq,0.0678674497869707,0.00998682558411135,0.0678674497869707,1.0,0.0,0.0,positive
reasoning_C,C,HQ + C,competition_track,industry_alignment,hq,0.20317783477531048,0.03688216356700419,0.20317783477531048,1.0,0.0,0.0,positive
reasoning_C,C,HQ + C,competition_track,industry_pivot_count,hq,-0.0683997151397153,0.03694896167067564,0.0683997151397153,0.0,1.0,0.0,negative
reasoning_C,C,HQ + C,competition_track,industry_prestige_penalty,hq,0.08373039907358357,0.02877652694089387,0.08373039907358357,1.0,0.0,0.0,positive
reasoning_C,C,HQ + C,competition_track,is_serial_founder,hq,-0.16269452573741433,0.11665183779160888,0.16269452573741433,0.0,1.0,0.0,negative
reasoning_C,C,HQ + C,competition_track,longest_founding_tenure,hq,-0.1181215975851333,0.12116536761573618,0.14368784010078633,0.2222222222222222,0.7777777777777778,0.2222222222222222,negative
reasoning_C,C,HQ + C,competition_track,max_company_size_before_founding,hq,0.07046912725598695,0.07508515220558289,0.09375018846728506,0.7777777777777778,0.2222222222222222,0.2222222222222222,positive
reasoning_C,C,HQ + C,competition_track,max_seniority_reached,hq,0.21632987778676713,0.0740255452144335,0.21632987778676713,1.0,0.0,0.0,positive
reasoning_C,C,HQ + C,competition_track,persistence_score,hq,0.016743031594790295,0.0998232320166617,0.07566063430154245,0.5555555555555556,0.4444444444444444,0.4444444444444444,positive
reasoning_C,C,HQ + C,competition_track,prestige_sacrifice_score,hq,0.11939926405464894,0.09425245955584698,0.12136263855856372,0.8888888888888888,0.1111111111111111,0.1111111111111111,positive
reasoning_C,C,HQ + C,competition_track,prestige_x_relevance,hq,0.07217307618886623,0.0886760662406141,0.09428639906793107,0.6666666666666666,0.3333333333333333,0.3333333333333333,positive
reasoning_C,C,HQ + C,competition_track,repeat_founding_gap,hq,0.013980345376806686,0.04790193869193077,0.03817107896867256,0.6666666666666666,0.3333333333333333,0.3333333333333333,positive
reasoning_C,C,HQ + C,competition_track,restlessness_score,hq,-0.0805989956011101,0.0704678553158898,0.08573730414764019,0.1111111111111111,0.8888888888888888,0.1111111111111111,negative
reasoning_C,C,HQ + C,competition_track,sacrifice_x_serial,hq,0.15453057900027478,0.11259696358785845,0.15794158145566858,0.8888888888888888,0.1111111111111111,0.1111111111111111,positive
reasoning_C,C,HQ + C,competition_track,seniority_is_monotone,hq,-0.04981139120003533,0.051893673362402026,0.06510869812588861,0.2222222222222222,0.7777777777777778,0.2222222222222222,negative
reasoning_C,C,HQ + C,competition_track,stem_flag,hq,0.05045951515048159,0.07581241680272409,0.07407865266517047,0.7777777777777778,0.2222222222222222,0.2222222222222222,positive
reasoning_C,C,HQ + C,competition_track,total_inferred_experience,hq,-0.2765342404348176,0.14781277169034066,0.2765342404348176,0.0,1.0,0.0,negative
reasoning_C,C,HQ + C,competition_track,years_in_large_company,hq,0.14876510349146407,0.017216677765035344,0.14876510349146407,1.0,0.0,0.0,positive
reasoning_C,C,HQ + C,raw_family,C_evidence_support_rating,reasoning,0.04715639906590811,0.10502857989234586,0.09055203714266298,0.5555555555555556,0.4444444444444444,0.4444444444444444,positive
reasoning_C,C,HQ + C,raw_family,C_latent_risk,reasoning,0.3019930912680456,0.10173705945045577,0.3019930912680456,1.0,0.0,0.0,positive
reasoning_C,C,HQ + C,raw_family,C_latent_strength,reasoning,0.2845643146357787,0.12018174681182657,0.2845643146357787,1.0,0.0,0.0,positive
reasoning_C,C,HQ + C,raw_family,best_degree_prestige,hq,0.14423659705252323,0.042028589164423744,0.14423659705252323,1.0,0.0,0.0,positive
reasoning_C,C,HQ + C,raw_family,comfort_index,hq,0.05634840249217375,0.04130661253560452,0.06570047805169607,0.8888888888888888,0.1111111111111111,0.1111111111111111,positive
reasoning_C,C,HQ + C,raw_family,company_size_is_growing,hq,0.02443931731153319,0.051182679003956774,0.05032181365333241,0.7777777777777778,0.2222222222222222,0.2222222222222222,positive
reasoning_C,C,HQ + C,raw_family,degree_level,hq,-0.10044802835284194,0.03935587058003389,0.10044802835284194,0.0,1.0,0.0,negative
reasoning_C,C,HQ + C,raw_family,edu_prestige_tier,hq,0.14423659705252323,0.042028589164423744,0.14423659705252323,1.0,0.0,0.0,positive
reasoning_C,C,HQ + C,raw_family,exit_count,hq,0.09298936557136135,0.03419843351181707,0.09298936557136135,1.0,0.0,0.0,positive
reasoning_C,C,HQ + C,raw_family,exit_x_serial,hq,0.02818112373357581,0.07990159857652328,0.06129272695592931,0.5555555555555556,0.4444444444444444,0.4444444444444444,positive
reasoning_C,C,HQ + C,raw_family,field_relevance_score,hq,-0.016534110373445647,0.04478257528606937,0.039023762550590445,0.2222222222222222,0.7777777777777778,0.2222222222222222,negative
reasoning_C,C,HQ + C,raw_family,founding_role_count,hq,-0.02688537367846464,0.12764170109420256,0.10522892059738148,0.4444444444444444,0.5555555555555556,0.4444444444444444,negative
reasoning_C,C,HQ + C,raw_family,founding_timing,hq,0.012339792768226884,0.12782502579105606,0.11046483844636418,0.4444444444444444,0.5555555555555556,0.4444444444444444,negative
reasoning_C,C,HQ + C,raw_family,has_prior_acquisition,hq,0.07269924991956439,0.03910100077009032,0.07269924991956439,1.0,0.0,0.0,positive
reasoning_C,C,HQ + C,raw_family,has_prior_ipo,hq,0.07844991413290836,0.02278192206429471,0.07844991413290836,1.0,0.0,0.0,positive
reasoning_C,C,HQ + C,raw_family,industry_alignment,hq,0.20242837934459715,0.03715084360848346,0.20242837934459715,1.0,0.0,0.0,positive
reasoning_C,C,HQ + C,raw_family,industry_pivot_count,hq,-0.06710282321615452,0.03721001184116636,0.06710282321615452,0.0,1.0,0.0,negative
reasoning_C,C,HQ + C,raw_family,industry_prestige_penalty,hq,0.0823828046992982,0.02919654546110777,0.0823828046992982,1.0,0.0,0.0,positive
reasoning_C,C,HQ + C,raw_family,is_serial_founder,hq,-0.1672537811684811,0.107707065170898,0.1672537811684811,0.0,1.0,0.0,negative
reasoning_C,C,HQ + C,raw_family,longest_founding_tenure,hq,-0.11041293711834907,0.12083991920394056,0.14031456900881809,0.2222222222222222,0.7777777777777778,0.2222222222222222,negative
reasoning_C,C,HQ + C,raw_family,max_company_size_before_founding,hq,0.07408031569952074,0.07437724827669048,0.0947234434260187,0.7777777777777778,0.2222222222222222,0.2222222222222222,positive
reasoning_C,C,HQ + C,raw_family,max_seniority_reached,hq,0.21828213013211475,0.075269446103425,0.21828213013211475,1.0,0.0,0.0,positive
reasoning_C,C,HQ + C,raw_family,persistence_score,hq,0.013607641793065265,0.10115608298462939,0.07542518303044926,0.5555555555555556,0.4444444444444444,0.4444444444444444,positive
reasoning_C,C,HQ + C,raw_family,prestige_sacrifice_score,hq,0.11637112526407573,0.09316798883630256,0.11753798178046587,0.8888888888888888,0.1111111111111111,0.1111111111111111,positive
reasoning_C,C,HQ + C,raw_family,prestige_x_relevance,hq,0.0693532107088124,0.0870568395088271,0.0928433048351496,0.6666666666666666,0.3333333333333333,0.3333333333333333,positive
reasoning_C,C,HQ + C,raw_family,repeat_founding_gap,hq,0.012901051399385997,0.04785967521823999,0.03859906013755002,0.6666666666666666,0.3333333333333333,0.3333333333333333,positive
reasoning_C,C,HQ + C,raw_family,restlessness_score,hq,-0.08115796362295906,0.0699117400639184,0.08581175998577553,0.1111111111111111,0.8888888888888888,0.1111111111111111,negative
reasoning_C,C,HQ + C,raw_family,sacrifice_x_serial,hq,0.15364768577088503,0.11171708712954001,0.15673544286865512,0.8888888888888888,0.1111111111111111,0.1111111111111111,positive
reasoning_C,C,HQ + C,raw_family,seniority_is_monotone,hq,-0.049974455888982756,0.05154893432470178,0.06476618820540685,0.2222222222222222,0.7777777777777778,0.2222222222222222,negative
reasoning_C,C,HQ + C,raw_family,stem_flag,hq,0.05228984147901905,0.07634849244392704,0.07527590755979845,0.6666666666666666,0.3333333333333333,0.3333333333333333,positive
reasoning_C,C,HQ + C,raw_family,total_inferred_experience,hq,-0.30547359800820995,0.15066061613109957,0.30547359800820995,0.0,1.0,0.0,negative
reasoning_C,C,HQ + C,raw_family,years_in_large_company,hq,0.14856636123239073,0.01978011457716384,0.14856636123239073,1.0,0.0,0.0,positive
reasoning_D,D,HQ + D,augmentation_track,D_evidence_support_rating,reasoning,-0.620150428233164,0.09799404788139425,0.620150428233164,0.0,1.0,0.0,negative
reasoning_D,D,HQ + D,augmentation_track,D_overall_founder_quality,reasoning,0.7718929230407379,0.08049529628616042,0.7718929230407379,1.0,0.0,0.0,positive
reasoning_D,D,HQ + D,augmentation_track,best_degree_prestige,hq,0.15197912670378375,0.04298450437573336,0.15197912670378375,1.0,0.0,0.0,positive
reasoning_D,D,HQ + D,augmentation_track,comfort_index,hq,0.058106843035397385,0.04080769578359322,0.06618192363823588,0.8888888888888888,0.1111111111111111,0.1111111111111111,positive
reasoning_D,D,HQ + D,augmentation_track,company_size_is_growing,hq,0.022670036358815357,0.050930988313248694,0.049520522591028716,0.7777777777777778,0.2222222222222222,0.2222222222222222,positive
reasoning_D,D,HQ + D,augmentation_track,degree_level,hq,-0.09504367307829518,0.03738353715794219,0.09504367307829518,0.0,1.0,0.0,negative
reasoning_D,D,HQ + D,augmentation_track,edu_prestige_tier,hq,0.15197912670378375,0.04298450437573336,0.15197912670378375,1.0,0.0,0.0,positive
reasoning_D,D,HQ + D,augmentation_track,exit_count,hq,0.09064909703561971,0.03231437567110287,0.09064909703561971,1.0,0.0,0.0,positive
reasoning_D,D,HQ + D,augmentation_track,exit_x_serial,hq,0.028142537504750695,0.07330714301651714,0.05591660399081699,0.5555555555555556,0.4444444444444444,0.4444444444444444,positive
reasoning_D,D,HQ + D,augmentation_track,field_relevance_score,hq,0.0003201935614923043,0.04380817101410164,0.0338115767204846,0.5555555555555556,0.4444444444444444,0.4444444444444444,positive
reasoning_D,D,HQ + D,augmentation_track,founding_role_count,hq,-0.02598542079326122,0.12735704351229543,0.10721697510050618,0.4444444444444444,0.5555555555555556,0.4444444444444444,negative
reasoning_D,D,HQ + D,augmentation_track,founding_timing,hq,-0.008570283108333255,0.12009268559959771,0.10499691773579022,0.4444444444444444,0.5555555555555556,0.4444444444444444,negative
reasoning_D,D,HQ + D,augmentation_track,has_prior_acquisition,hq,0.07285572784629815,0.0374286508689825,0.07285572784629815,1.0,0.0,0.0,positive
reasoning_D,D,HQ + D,augmentation_track,has_prior_ipo,hq,0.0715248406597623,0.023434148213489707,0.0715248406597623,1.0,0.0,0.0,positive
reasoning_D,D,HQ + D,augmentation_track,industry_alignment,hq,0.19523047203622598,0.03799556879116315,0.19523047203622598,1.0,0.0,0.0,positive
reasoning_D,D,HQ + D,augmentation_track,industry_pivot_count,hq,-0.08522345789988478,0.03817021292397831,0.08522345789988478,0.0,1.0,0.0,negative
reasoning_D,D,HQ + D,augmentation_track,industry_prestige_penalty,hq,0.0828226213418377,0.02828460826990886,0.0828226213418377,1.0,0.0,0.0,positive
reasoning_D,D,HQ + D,augmentation_track,is_serial_founder,hq,-0.1657103486388939,0.10560518083706194,0.1657103486388939,0.0,1.0,0.0,negative
reasoning_D,D,HQ + D,augmentation_track,longest_founding_tenure,hq,-0.13185058425665536,0.1134835600637796,0.14683959904707589,0.1111111111111111,0.8888888888888888,0.1111111111111111,negative
reasoning_D,D,HQ + D,augmentation_track,max_company_size_before_founding,hq,0.08298787082160815,0.07415606417915331,0.1005111096665155,0.7777777777777778,0.2222222222222222,0.2222222222222222,positive
reasoning_D,D,HQ + D,augmentation_track,max_seniority_reached,hq,0.22146529975713947,0.0728556825575926,0.22146529975713947,1.0,0.0,0.0,positive
reasoning_D,D,HQ + D,augmentation_track,persistence_score,hq,0.01786950356761564,0.09402765895021627,0.07301907055647397,0.6666666666666666,0.3333333333333333,0.3333333333333333,positive
reasoning_D,D,HQ + D,augmentation_track,prestige_sacrifice_score,hq,0.12801496896365527,0.09388845634076591,0.1305116183965047,0.8888888888888888,0.1111111111111111,0.1111111111111111,positive
reasoning_D,D,HQ + D,augmentation_track,prestige_x_relevance,hq,0.05182588171175888,0.09070726716386711,0.09018766933463003,0.6666666666666666,0.3333333333333333,0.3333333333333333,positive
reasoning_D,D,HQ + D,augmentation_track,repeat_founding_gap,hq,0.01734956200773973,0.04842904978381607,0.0412288774043256,0.6666666666666666,0.3333333333333333,0.3333333333333333,positive
reasoning_D,D,HQ + D,augmentation_track,restlessness_score,hq,-0.0827509614481196,0.0689813821428146,0.08802926904359307,0.1111111111111111,0.8888888888888888,0.1111111111111111,negative
reasoning_D,D,HQ + D,augmentation_track,sacrifice_x_serial,hq,0.14954856467188019,0.11182603276582659,0.15322854933875585,0.8888888888888888,0.1111111111111111,0.1111111111111111,positive
reasoning_D,D,HQ + D,augmentation_track,seniority_is_monotone,hq,-0.04931595566746678,0.049663127195451635,0.06295182816503753,0.2222222222222222,0.7777777777777778,0.2222222222222222,negative
reasoning_D,D,HQ + D,augmentation_track,stem_flag,hq,0.04184559804999109,0.08098995335253895,0.07646642725114265,0.6666666666666666,0.3333333333333333,0.3333333333333333,positive
reasoning_D,D,HQ + D,augmentation_track,total_inferred_experience,hq,-0.2634555765379972,0.13601394773965356,0.2634555765379972,0.0,1.0,0.0,negative
reasoning_D,D,HQ + D,augmentation_track,years_in_large_company,hq,0.12939359774464157,0.020658318398219248,0.12939359774464157,1.0,0.0,0.0,positive
reasoning_D,D,HQ + D,competition_track,D_evidence_support_rating,reasoning,-0.619828569310549,0.09834917683047406,0.619828569310549,0.0,1.0,0.0,negative
reasoning_D,D,HQ + D,competition_track,D_overall_founder_quality,reasoning,0.7712646274878333,0.0812201786855522,0.7712646274878333,1.0,0.0,0.0,positive
reasoning_D,D,HQ + D,competition_track,best_degree_prestige,hq,0.15177986376896044,0.04274340713322842,0.15177986376896044,1.0,0.0,0.0,positive
reasoning_D,D,HQ + D,competition_track,comfort_index,hq,0.05814582528315734,0.04064651387146767,0.06613052878890163,0.8888888888888888,0.1111111111111111,0.1111111111111111,positive
reasoning_D,D,HQ + D,competition_track,company_size_is_growing,hq,0.023010279079575605,0.05106802524904572,0.04962971218702853,0.7777777777777778,0.2222222222222222,0.2222222222222222,positive
reasoning_D,D,HQ + D,competition_track,degree_level,hq,-0.09525181539499736,0.03748565372986167,0.09525181539499736,0.0,1.0,0.0,negative
reasoning_D,D,HQ + D,competition_track,edu_prestige_tier,hq,0.15177986376896044,0.04274340713322842,0.15177986376896044,1.0,0.0,0.0,positive
reasoning_D,D,HQ + D,competition_track,exit_count,hq,0.20358951431014694,0.0423944722839187,0.20358951431014694,1.0,0.0,0.0,positive
reasoning_D,D,HQ + D,competition_track,exit_x_serial,hq,0.03579613489591829,0.08068380243498734,0.05972060123873632,0.5555555555555556,0.4444444444444444,0.4444444444444444,positive
reasoning_D,D,HQ + D,competition_track,field_relevance_score,hq,0.0006459799072621854,0.04362369780079606,0.03372534222466084,0.5555555555555556,0.4444444444444444,0.4444444444444444,positive
reasoning_D,D,HQ + D,competition_track,founding_role_count,hq,-0.029288390694389585,0.12927376229889548,0.1105940126706949,0.4444444444444444,0.5555555555555556,0.4444444444444444,negative
reasoning_D,D,HQ + D,competition_track,founding_timing,hq,-0.00962105374656464,0.12068233104492994,0.10497906861745016,0.4444444444444444,0.5555555555555556,0.4444444444444444,negative
reasoning_D,D,HQ + D,competition_track,has_prior_acquisition,hq,0.041732851222943755,0.0,0.041732851222943755,1.0,0.0,0.0,positive
reasoning_D,D,HQ + D,competition_track,has_prior_ipo,hq,0.05878988991475686,0.020997589759591637,0.05878988991475686,1.0,0.0,0.0,positive
reasoning_D,D,HQ + D,competition_track,industry_alignment,hq,0.19525683239848057,0.03772241181408981,0.19525683239848057,1.0,0.0,0.0,positive
reasoning_D,D,HQ + D,competition_track,industry_pivot_count,hq,-0.08502914176449196,0.03836058385080741,0.08502914176449196,0.0,1.0,0.0,negative
reasoning_D,D,HQ + D,competition_track,industry_prestige_penalty,hq,0.08310048536846505,0.028273198403207873,0.08310048536846505,1.0,0.0,0.0,positive
reasoning_D,D,HQ + D,competition_track,is_serial_founder,hq,-0.16579706675747188,0.10469122375367525,0.16579706675747188,0.0,1.0,0.0,negative
reasoning_D,D,HQ + D,competition_track,longest_founding_tenure,hq,-0.13194429030239516,0.11370380474882304,0.14748028474668587,0.1111111111111111,0.8888888888888888,0.1111111111111111,negative
reasoning_D,D,HQ + D,competition_track,max_company_size_before_founding,hq,0.08326994704081599,0.07445789767283983,0.10098692796313963,0.7777777777777778,0.2222222222222222,0.2222222222222222,positive
reasoning_D,D,HQ + D,competition_track,max_seniority_reached,hq,0.22258130849228397,0.07627679662971973,0.22258130849228397,1.0,0.0,0.0,positive
reasoning_D,D,HQ + D,competition_track,persistence_score,hq,0.018878861064353162,0.09312829828373148,0.0728942141473441,0.6666666666666666,0.3333333333333333,0.3333333333333333,positive
reasoning_D,D,HQ + D,competition_track,prestige_sacrifice_score,hq,0.12698229126754212,0.09437051284473987,0.12942374748044877,0.8888888888888888,0.1111111111111111,0.1111111111111111,positive
reasoning_D,D,HQ + D,competition_track,prestige_x_relevance,hq,0.05241918507913809,0.09045404684995326,0.09053247403870607,0.6666666666666666,0.3333333333333333,0.3333333333333333,positive
reasoning_D,D,HQ + D,competition_track,repeat_founding_gap,hq,0.017218704194521605,0.048179201224262114,0.04012280939614407,0.6666666666666666,0.3333333333333333,0.3333333333333333,positive
reasoning_D,D,HQ + D,competition_track,restlessness_score,hq,-0.0823693578504373,0.06818267537610341,0.08756360290527848,0.1111111111111111,0.8888888888888888,0.1111111111111111,negative
reasoning_D,D,HQ + D,competition_track,sacrifice_x_serial,hq,0.1515364333014895,0.11422732756050966,0.15502135847720755,0.8888888888888888,0.1111111111111111,0.1111111111111111,positive
reasoning_D,D,HQ + D,competition_track,seniority_is_monotone,hq,-0.04954778146686423,0.050171421012074155,0.06342629725044463,0.2222222222222222,0.7777777777777778,0.2222222222222222,negative
reasoning_D,D,HQ + D,competition_track,stem_flag,hq,0.04137577986532329,0.08005225575488617,0.07571490117577445,0.6666666666666666,0.3333333333333333,0.3333333333333333,positive
reasoning_D,D,HQ + D,competition_track,total_inferred_experience,hq,-0.2623590783211671,0.13523976029965387,0.2623590783211671,0.0,1.0,0.0,negative
reasoning_D,D,HQ + D,competition_track,years_in_large_company,hq,0.12949522317292653,0.02084730337273251,0.12949522317292653,1.0,0.0,0.0,positive
reasoning_D,D,HQ + D,raw_family,D_evidence_support_rating,reasoning,-0.620150428233164,0.09799404788139425,0.620150428233164,0.0,1.0,0.0,negative
reasoning_D,D,HQ + D,raw_family,D_overall_founder_quality,reasoning,0.7718929230407379,0.08049529628616042,0.7718929230407379,1.0,0.0,0.0,positive
reasoning_D,D,HQ + D,raw_family,best_degree_prestige,hq,0.15197912670378375,0.04298450437573336,0.15197912670378375,1.0,0.0,0.0,positive
reasoning_D,D,HQ + D,raw_family,comfort_index,hq,0.058106843035397385,0.04080769578359322,0.06618192363823588,0.8888888888888888,0.1111111111111111,0.1111111111111111,positive
reasoning_D,D,HQ + D,raw_family,company_size_is_growing,hq,0.022670036358815357,0.050930988313248694,0.049520522591028716,0.7777777777777778,0.2222222222222222,0.2222222222222222,positive
reasoning_D,D,HQ + D,raw_family,degree_level,hq,-0.09504367307829518,0.03738353715794219,0.09504367307829518,0.0,1.0,0.0,negative
reasoning_D,D,HQ + D,raw_family,edu_prestige_tier,hq,0.15197912670378375,0.04298450437573336,0.15197912670378375,1.0,0.0,0.0,positive
reasoning_D,D,HQ + D,raw_family,exit_count,hq,0.09064909703561971,0.03231437567110287,0.09064909703561971,1.0,0.0,0.0,positive
reasoning_D,D,HQ + D,raw_family,exit_x_serial,hq,0.028142537504750695,0.07330714301651714,0.05591660399081699,0.5555555555555556,0.4444444444444444,0.4444444444444444,positive
reasoning_D,D,HQ + D,raw_family,field_relevance_score,hq,0.0003201935614923043,0.04380817101410164,0.0338115767204846,0.5555555555555556,0.4444444444444444,0.4444444444444444,positive
reasoning_D,D,HQ + D,raw_family,founding_role_count,hq,-0.02598542079326122,0.12735704351229543,0.10721697510050618,0.4444444444444444,0.5555555555555556,0.4444444444444444,negative
reasoning_D,D,HQ + D,raw_family,founding_timing,hq,-0.008570283108333255,0.12009268559959771,0.10499691773579022,0.4444444444444444,0.5555555555555556,0.4444444444444444,negative
reasoning_D,D,HQ + D,raw_family,has_prior_acquisition,hq,0.07285572784629815,0.0374286508689825,0.07285572784629815,1.0,0.0,0.0,positive
reasoning_D,D,HQ + D,raw_family,has_prior_ipo,hq,0.0715248406597623,0.023434148213489707,0.0715248406597623,1.0,0.0,0.0,positive
reasoning_D,D,HQ + D,raw_family,industry_alignment,hq,0.19523047203622598,0.03799556879116315,0.19523047203622598,1.0,0.0,0.0,positive
reasoning_D,D,HQ + D,raw_family,industry_pivot_count,hq,-0.08522345789988478,0.03817021292397831,0.08522345789988478,0.0,1.0,0.0,negative
reasoning_D,D,HQ + D,raw_family,industry_prestige_penalty,hq,0.0828226213418377,0.02828460826990886,0.0828226213418377,1.0,0.0,0.0,positive
reasoning_D,D,HQ + D,raw_family,is_serial_founder,hq,-0.1657103486388939,0.10560518083706194,0.1657103486388939,0.0,1.0,0.0,negative
reasoning_D,D,HQ + D,raw_family,longest_founding_tenure,hq,-0.13185058425665536,0.1134835600637796,0.14683959904707589,0.1111111111111111,0.8888888888888888,0.1111111111111111,negative
reasoning_D,D,HQ + D,raw_family,max_company_size_before_founding,hq,0.08298787082160815,0.07415606417915331,0.1005111096665155,0.7777777777777778,0.2222222222222222,0.2222222222222222,positive
reasoning_D,D,HQ + D,raw_family,max_seniority_reached,hq,0.22146529975713947,0.0728556825575926,0.22146529975713947,1.0,0.0,0.0,positive
reasoning_D,D,HQ + D,raw_family,persistence_score,hq,0.01786950356761564,0.09402765895021627,0.07301907055647397,0.6666666666666666,0.3333333333333333,0.3333333333333333,positive
reasoning_D,D,HQ + D,raw_family,prestige_sacrifice_score,hq,0.12801496896365527,0.09388845634076591,0.1305116183965047,0.8888888888888888,0.1111111111111111,0.1111111111111111,positive
reasoning_D,D,HQ + D,raw_family,prestige_x_relevance,hq,0.05182588171175888,0.09070726716386711,0.09018766933463003,0.6666666666666666,0.3333333333333333,0.3333333333333333,positive
reasoning_D,D,HQ + D,raw_family,repeat_founding_gap,hq,0.01734956200773973,0.04842904978381607,0.0412288774043256,0.6666666666666666,0.3333333333333333,0.3333333333333333,positive
reasoning_D,D,HQ + D,raw_family,restlessness_score,hq,-0.0827509614481196,0.0689813821428146,0.08802926904359307,0.1111111111111111,0.8888888888888888,0.1111111111111111,negative
reasoning_D,D,HQ + D,raw_family,sacrifice_x_serial,hq,0.14954856467188019,0.11182603276582659,0.15322854933875585,0.8888888888888888,0.1111111111111111,0.1111111111111111,positive
reasoning_D,D,HQ + D,raw_family,seniority_is_monotone,hq,-0.04931595566746678,0.049663127195451635,0.06295182816503753,0.2222222222222222,0.7777777777777778,0.2222222222222222,negative
reasoning_D,D,HQ + D,raw_family,stem_flag,hq,0.04184559804999109,0.08098995335253895,0.07646642725114265,0.6666666666666666,0.3333333333333333,0.3333333333333333,positive
reasoning_D,D,HQ + D,raw_family,total_inferred_experience,hq,-0.2634555765379972,0.13601394773965356,0.2634555765379972,0.0,1.0,0.0,negative
reasoning_D,D,HQ + D,raw_family,years_in_large_company,hq,0.12939359774464157,0.020658318398219248,0.12939359774464157,1.0,0.0,0.0,positive
reasoning_E,E,HQ + E,augmentation_track,E_evidence_support_rating,reasoning,-0.028334385130689223,0.0,0.028334385130689223,0.0,1.0,0.0,negative
reasoning_E,E,HQ + E,augmentation_track,E_hidden_risk,reasoning,0.02185999394426761,0.0,0.02185999394426761,1.0,0.0,0.0,positive
reasoning_E,E,HQ + E,augmentation_track,E_hidden_upside,reasoning,0.04459036172378693,0.0,0.04459036172378693,1.0,0.0,0.0,positive
reasoning_E,E,HQ + E,augmentation_track,best_degree_prestige,hq,0.14504684104475413,0.04369389621729331,0.14504684104475413,1.0,0.0,0.0,positive
reasoning_E,E,HQ + E,augmentation_track,comfort_index,hq,0.0561337584072419,0.04182902465588509,0.06570041122684864,0.8888888888888888,0.1111111111111111,0.1111111111111111,positive
reasoning_E,E,HQ + E,augmentation_track,company_size_is_growing,hq,0.02166647118752831,0.05247021533905962,0.04935656805976647,0.7777777777777778,0.2222222222222222,0.2222222222222222,positive
reasoning_E,E,HQ + E,augmentation_track,degree_level,hq,-0.09116020477725262,0.03846490287044196,0.09116020477725262,0.0,1.0,0.0,negative
reasoning_E,E,HQ + E,augmentation_track,edu_prestige_tier,hq,0.14504684104475413,0.04369389621729331,0.14504684104475413,1.0,0.0,0.0,positive
reasoning_E,E,HQ + E,augmentation_track,exit_count,hq,0.09041521526612473,0.031916597343482456,0.09041521526612473,1.0,0.0,0.0,positive
reasoning_E,E,HQ + E,augmentation_track,exit_x_serial,hq,0.03390484202079575,0.07510578517413369,0.05928602138205937,0.6666666666666666,0.3333333333333333,0.3333333333333333,positive
reasoning_E,E,HQ + E,augmentation_track,field_relevance_score,hq,-0.00965111564867599,0.04319200147837695,0.03489743429332722,0.4444444444444444,0.5555555555555556,0.4444444444444444,negative
reasoning_E,E,HQ + E,augmentation_track,founding_role_count,hq,-0.02174857613079252,0.13073790198550478,0.10756803647978107,0.5555555555555556,0.4444444444444444,0.4444444444444444,positive
reasoning_E,E,HQ + E,augmentation_track,founding_timing,hq,0.014868689915778903,0.1246251202658664,0.10680217904316175,0.5555555555555556,0.4444444444444444,0.4444444444444444,positive
reasoning_E,E,HQ + E,augmentation_track,has_prior_acquisition,hq,0.07256992996820245,0.037374286658489124,0.07256992996820245,1.0,0.0,0.0,positive
reasoning_E,E,HQ + E,augmentation_track,has_prior_ipo,hq,0.07171629762743945,0.021187625710251835,0.07171629762743945,1.0,0.0,0.0,positive
reasoning_E,E,HQ + E,augmentation_track,industry_alignment,hq,0.2017097422331564,0.0370752813644331,0.2017097422331564,1.0,0.0,0.0,positive
reasoning_E,E,HQ + E,augmentation_track,industry_pivot_count,hq,-0.07062270681091903,0.03720165280581595,0.07062270681091903,0.0,1.0,0.0,negative
reasoning_E,E,HQ + E,augmentation_track,industry_prestige_penalty,hq,0.08302133862121319,0.02961523605938312,0.08302133862121319,1.0,0.0,0.0,positive
reasoning_E,E,HQ + E,augmentation_track,is_serial_founder,hq,-0.17473408964582693,0.1074483606511466,0.17473408964582693,0.0,1.0,0.0,negative
reasoning_E,E,HQ + E,augmentation_track,longest_founding_tenure,hq,-0.11428272484246538,0.11734111013646101,0.13973468901557629,0.2222222222222222,0.7777777777777778,0.2222222222222222,negative
reasoning_E,E,HQ + E,augmentation_track,max_company_size_before_founding,hq,0.06866114798512778,0.07829782125155903,0.09509204267378618,0.7777777777777778,0.2222222222222222,0.2222222222222222,positive
reasoning_E,E,HQ + E,augmentation_track,max_seniority_reached,hq,0.21415943695638529,0.07237539798076557,0.21415943695638529,1.0,0.0,0.0,positive
reasoning_E,E,HQ + E,augmentation_track,persistence_score,hq,0.013743219083704957,0.09613654609900625,0.07095351361116936,0.5555555555555556,0.4444444444444444,0.4444444444444444,positive
reasoning_E,E,HQ + E,augmentation_track,prestige_sacrifice_score,hq,0.11887629734845956,0.09877861594873334,0.12140989677374783,0.8888888888888888,0.1111111111111111,0.1111111111111111,positive
reasoning_E,E,HQ + E,augmentation_track,prestige_x_relevance,hq,0.06524405049793841,0.09004153154212653,0.09095968926750136,0.6666666666666666,0.3333333333333333,0.3333333333333333,positive
reasoning_E,E,HQ + E,augmentation_track,repeat_founding_gap,hq,0.018917795718196,0.04761988902109456,0.04088095215865285,0.6666666666666666,0.3333333333333333,0.3333333333333333,positive
reasoning_E,E,HQ + E,augmentation_track,restlessness_score,hq,-0.0774338586001425,0.07022074547668929,0.08459978998055812,0.1111111111111111,0.8888888888888888,0.1111111111111111,negative
reasoning_E,E,HQ + E,augmentation_track,sacrifice_x_serial,hq,0.15740633557916686,0.1124578454225958,0.15959451269266461,0.8888888888888888,0.1111111111111111,0.1111111111111111,positive
reasoning_E,E,HQ + E,augmentation_track,seniority_is_monotone,hq,-0.04847884847537662,0.0514161918173646,0.06347736495314839,0.2222222222222222,0.7777777777777778,0.2222222222222222,negative
reasoning_E,E,HQ + E,augmentation_track,stem_flag,hq,0.04287276842339111,0.07440521731649677,0.07183299807287684,0.6666666666666666,0.3333333333333333,0.3333333333333333,positive
reasoning_E,E,HQ + E,augmentation_track,total_inferred_experience,hq,-0.29990631183767064,0.144303901943665,0.29990631183767064,0.0,1.0,0.0,negative
reasoning_E,E,HQ + E,augmentation_track,years_in_large_company,hq,0.14497074904447396,0.017953104365576213,0.14497074904447396,1.0,0.0,0.0,positive
reasoning_E,E,HQ + E,competition_track,E_evidence_support_rating,reasoning,-0.02842447005899658,0.0,0.02842447005899658,0.0,1.0,0.0,negative
reasoning_E,E,HQ + E,competition_track,E_hidden_risk,reasoning,0.021882154071353913,0.0,0.021882154071353913,1.0,0.0,0.0,positive
reasoning_E,E,HQ + E,competition_track,E_hidden_upside,reasoning,0.04430329626341999,0.0,0.04430329626341999,1.0,0.0,0.0,positive
reasoning_E,E,HQ + E,competition_track,best_degree_prestige,hq,0.14348948525206215,0.04342781125950937,0.14348948525206215,1.0,0.0,0.0,positive
reasoning_E,E,HQ + E,competition_track,comfort_index,hq,0.05595973878541026,0.042160642592245084,0.06560260791438007,0.8888888888888888,0.1111111111111111,0.1111111111111111,positive
reasoning_E,E,HQ + E,competition_track,company_size_is_growing,hq,0.021856872897597454,0.0521229258565957,0.04952758761251569,0.7777777777777778,0.2222222222222222,0.2222222222222222,positive
reasoning_E,E,HQ + E,competition_track,degree_level,hq,-0.09118375192397618,0.03871709662836102,0.09118375192397618,0.0,1.0,0.0,negative
reasoning_E,E,HQ + E,competition_track,edu_prestige_tier,hq,0.14348948525206215,0.04342781125950937,0.14348948525206215,1.0,0.0,0.0,positive
reasoning_E,E,HQ + E,competition_track,exit_count,hq,0.1842476281849383,0.06484516071457296,0.1842476281849383,1.0,0.0,0.0,positive
reasoning_E,E,HQ + E,competition_track,exit_x_serial,hq,0.06003353224830679,0.09147802123906168,0.08171105990493453,0.7777777777777778,0.2222222222222222,0.2222222222222222,positive
reasoning_E,E,HQ + E,competition_track,field_relevance_score,hq,-0.013050478744457373,0.045170613522425546,0.036975851970118684,0.3333333333333333,0.6666666666666666,0.3333333333333333,negative
reasoning_E,E,HQ + E,competition_track,founding_role_count,hq,-0.03796878197703648,0.11111652716535522,0.09422911447830504,0.4444444444444444,0.5555555555555556,0.4444444444444444,negative
reasoning_E,E,HQ + E,competition_track,founding_timing,hq,0.024732857944538594,0.13062528574047158,0.1088476334721504,0.5,0.5,0.5,none
reasoning_E,E,HQ + E,competition_track,has_prior_ipo,hq,0.06158984443772054,0.01297658214458643,0.06158984443772054,1.0,0.0,0.0,positive
reasoning_E,E,HQ + E,competition_track,industry_alignment,hq,0.20129863460791442,0.03699914208649974,0.20129863460791442,1.0,0.0,0.0,positive
reasoning_E,E,HQ + E,competition_track,industry_pivot_count,hq,-0.06905904539085338,0.038294309136896534,0.06905904539085338,0.0,1.0,0.0,negative
reasoning_E,E,HQ + E,competition_track,industry_prestige_penalty,hq,0.08372476292403096,0.028342846230790246,0.08372476292403096,1.0,0.0,0.0,positive
reasoning_E,E,HQ + E,competition_track,is_serial_founder,hq,-0.16370053006546403,0.11230341716058813,0.16370053006546403,0.0,1.0,0.0,negative
reasoning_E,E,HQ + E,competition_track,longest_founding_tenure,hq,-0.11081932466509854,0.1139782882184668,0.13610159736823482,0.2222222222222222,0.7777777777777778,0.2222222222222222,negative
reasoning_E,E,HQ + E,competition_track,max_company_size_before_founding,hq,0.06968267034777167,0.0786488857057381,0.09443121448669357,0.7777777777777778,0.2222222222222222,0.2222222222222222,positive
reasoning_E,E,HQ + E,competition_track,max_seniority_reached,hq,0.21871009959743984,0.0728753733660393,0.21871009959743984,1.0,0.0,0.0,positive
reasoning_E,E,HQ + E,competition_track,persistence_score,hq,0.01617207092091867,0.0967447262684432,0.07288686355411567,0.6666666666666666,0.3333333333333333,0.3333333333333333,positive
reasoning_E,E,HQ + E,competition_track,prestige_sacrifice_score,hq,0.11703559602965896,0.10275784456711065,0.11899897053357374,0.8888888888888888,0.1111111111111111,0.1111111111111111,positive
reasoning_E,E,HQ + E,competition_track,prestige_x_relevance,hq,0.0692854952735486,0.08858270332046554,0.08962623787472607,0.6666666666666666,0.3333333333333333,0.3333333333333333,positive
reasoning_E,E,HQ + E,competition_track,repeat_founding_gap,hq,0.018460953282723586,0.04753352696287968,0.03986844923109849,0.7777777777777778,0.2222222222222222,0.2222222222222222,positive
reasoning_E,E,HQ + E,competition_track,restlessness_score,hq,-0.07820723695833327,0.0708022765218834,0.08548608946688901,0.1111111111111111,0.8888888888888888,0.1111111111111111,negative
reasoning_E,E,HQ + E,competition_track,sacrifice_x_serial,hq,0.17403517382599185,0.11022310267461917,0.17452891336357992,0.875,0.125,0.125,positive
reasoning_E,E,HQ + E,competition_track,seniority_is_monotone,hq,-0.050406022516040934,0.052146616071350634,0.06423848589210646,0.2222222222222222,0.7777777777777778,0.2222222222222222,negative
reasoning_E,E,HQ + E,competition_track,stem_flag,hq,0.04406891492033968,0.07414876038128511,0.07181176973539574,0.6666666666666666,0.3333333333333333,0.3333333333333333,positive
reasoning_E,E,HQ + E,competition_track,total_inferred_experience,hq,-0.30415275524134916,0.13969487334933553,0.30415275524134916,0.0,1.0,0.0,negative
reasoning_E,E,HQ + E,competition_track,years_in_large_company,hq,0.1426872698821485,0.017871018258281496,0.1426872698821485,1.0,0.0,0.0,positive
reasoning_E,E,HQ + E,raw_family,E_evidence_support_rating,reasoning,0.009717027701098748,0.0891223439241905,0.07636392836908681,0.6666666666666666,0.3333333333333333,0.3333333333333333,positive
reasoning_E,E,HQ + E,raw_family,E_hidden_risk,reasoning,0.0417881417491182,0.06622902192638865,0.05993675919518961,0.7777777777777778,0.2222222222222222,0.2222222222222222,positive
reasoning_E,E,HQ + E,raw_family,E_hidden_upside,reasoning,0.045610292326214934,0.07954813769682649,0.07268569833221279,0.6666666666666666,0.3333333333333333,0.3333333333333333,positive
reasoning_E,E,HQ + E,raw_family,best_degree_prestige,hq,0.14559963108171414,0.043998793981589596,0.14559963108171414,1.0,0.0,0.0,positive
reasoning_E,E,HQ + E,raw_family,comfort_index,hq,0.05681621934482603,0.041660393008642944,0.06593892508208558,0.8888888888888888,0.1111111111111111,0.1111111111111111,positive
reasoning_E,E,HQ + E,raw_family,company_size_is_growing,hq,0.022111839895245677,0.05265465782535839,0.05010969323964486,0.7777777777777778,0.2222222222222222,0.2222222222222222,positive
reasoning_E,E,HQ + E,raw_family,degree_level,hq,-0.09242361078543963,0.03931889425428851,0.09242361078543963,0.0,1.0,0.0,negative
reasoning_E,E,HQ + E,raw_family,edu_prestige_tier,hq,0.14559963108171414,0.043998793981589596,0.14559963108171414,1.0,0.0,0.0,positive
reasoning_E,E,HQ + E,raw_family,exit_count,hq,0.09044390029066605,0.03249358029943396,0.09044390029066605,1.0,0.0,0.0,positive
reasoning_E,E,HQ + E,raw_family,exit_x_serial,hq,0.033852994806380064,0.07549470355537548,0.05756740200115054,0.5555555555555556,0.4444444444444444,0.4444444444444444,positive
reasoning_E,E,HQ + E,raw_family,field_relevance_score,hq,-0.010665103496788474,0.04417157104257605,0.035455965521285535,0.3333333333333333,0.6666666666666666,0.3333333333333333,negative
reasoning_E,E,HQ + E,raw_family,founding_role_count,hq,-0.02288837099780209,0.12945325651708245,0.10685237033771303,0.4444444444444444,0.5555555555555556,0.4444444444444444,negative
reasoning_E,E,HQ + E,raw_family,founding_timing,hq,0.015120117673532992,0.12547358797664632,0.10692379925103529,0.5555555555555556,0.4444444444444444,0.4444444444444444,positive
reasoning_E,E,HQ + E,raw_family,has_prior_acquisition,hq,0.07268256249020932,0.037577998784589235,0.07268256249020932,1.0,0.0,0.0,positive
reasoning_E,E,HQ + E,raw_family,has_prior_ipo,hq,0.0714940761781186,0.0220704111321114,0.0714940761781186,1.0,0.0,0.0,positive
reasoning_E,E,HQ + E,raw_family,industry_alignment,hq,0.20173540744459698,0.03715017470876002,0.20173540744459698,1.0,0.0,0.0,positive
reasoning_E,E,HQ + E,raw_family,industry_pivot_count,hq,-0.07123640764086216,0.038048675541797215,0.07123640764086216,0.0,1.0,0.0,negative
reasoning_E,E,HQ + E,raw_family,industry_prestige_penalty,hq,0.08283459441274732,0.029200466650391693,0.08283459441274732,1.0,0.0,0.0,positive
reasoning_E,E,HQ + E,raw_family,is_serial_founder,hq,-0.173822731167265,0.10973338758307127,0.173822731167265,0.0,1.0,0.0,negative
reasoning_E,E,HQ + E,raw_family,longest_founding_tenure,hq,-0.11525745666199251,0.11983530063409785,0.14151952482490363,0.2222222222222222,0.7777777777777778,0.2222222222222222,negative
reasoning_E,E,HQ + E,raw_family,max_company_size_before_founding,hq,0.06949513380220385,0.07575184222293126,0.0941032812133093,0.7777777777777778,0.2222222222222222,0.2222222222222222,positive
reasoning_E,E,HQ + E,raw_family,max_seniority_reached,hq,0.21453917859540408,0.07063098064768175,0.21453917859540408,1.0,0.0,0.0,positive
reasoning_E,E,HQ + E,raw_family,persistence_score,hq,0.013362499182428851,0.09864063574278524,0.07300261869807971,0.5555555555555556,0.4444444444444444,0.4444444444444444,positive
reasoning_E,E,HQ + E,raw_family,prestige_sacrifice_score,hq,0.1195600287975563,0.09690634461042699,0.12210780756532164,0.8888888888888888,0.1111111111111111,0.1111111111111111,positive
reasoning_E,E,HQ + E,raw_family,prestige_x_relevance,hq,0.06543221073903603,0.08986791682236396,0.09136068018495816,0.6666666666666666,0.3333333333333333,0.3333333333333333,positive
reasoning_E,E,HQ + E,raw_family,repeat_founding_gap,hq,0.01807113484282003,0.04705101889006316,0.04018092129267225,0.6666666666666666,0.3333333333333333,0.3333333333333333,positive
reasoning_E,E,HQ + E,raw_family,restlessness_score,hq,-0.07818104998081965,0.07015808601239962,0.08583207610817378,0.1111111111111111,0.8888888888888888,0.1111111111111111,negative
reasoning_E,E,HQ + E,raw_family,sacrifice_x_serial,hq,0.15647687194488416,0.10995222761312994,0.15718022706614235,0.8888888888888888,0.1111111111111111,0.1111111111111111,positive
reasoning_E,E,HQ + E,raw_family,seniority_is_monotone,hq,-0.048793434801531116,0.052058026788656404,0.06460722813285454,0.2222222222222222,0.7777777777777778,0.2222222222222222,negative
reasoning_E,E,HQ + E,raw_family,stem_flag,hq,0.04526047774566323,0.07692318802149016,0.07438952187888284,0.6666666666666666,0.3333333333333333,0.3333333333333333,positive
reasoning_E,E,HQ + E,raw_family,total_inferred_experience,hq,-0.29931048899592516,0.14374900742472677,0.29931048899592516,0.0,1.0,0.0,negative
reasoning_E,E,HQ + E,raw_family,years_in_large_company,hq,0.14393443820571244,0.018065879601664975,0.14393443820571244,1.0,0.0,0.0,positive
reasoning_F,F,HQ + F,augmentation_track,F_career_coherence,reasoning,-1.023840374925159,0.29587065037475957,1.023840374925159,0.0,1.0,0.0,negative
reasoning_F,F,HQ + F,augmentation_track,F_evidence_support_rating,reasoning,0.549817007547051,0.06944349146636479,0.549817007547051,1.0,0.0,0.0,positive
reasoning_F,F,HQ + F,augmentation_track,F_ownership_signal,reasoning,0.4210611351359579,0.12103685359689006,0.4210611351359579,1.0,0.0,0.0,positive
reasoning_F,F,HQ + F,augmentation_track,F_rubric_score,reasoning,-0.5442139838124328,0.05795781234155761,0.5442139838124328,0.0,1.0,0.0,negative
reasoning_F,F,HQ + F,augmentation_track,F_trajectory_strength,reasoning,0.6977426776142507,0.30686082919267327,0.6977426776142507,1.0,0.0,0.0,positive
reasoning_F,F,HQ + F,augmentation_track,best_degree_prestige,hq,0.14699604877687655,0.044943977856262404,0.14699604877687655,1.0,0.0,0.0,positive
reasoning_F,F,HQ + F,augmentation_track,comfort_index,hq,0.054192482279696697,0.043409201130241895,0.06555501928997452,0.8888888888888888,0.1111111111111111,0.1111111111111111,positive
reasoning_F,F,HQ + F,augmentation_track,company_size_is_growing,hq,0.019890035678014062,0.053720959742841794,0.04927146615865337,0.7777777777777778,0.2222222222222222,0.2222222222222222,positive
reasoning_F,F,HQ + F,augmentation_track,degree_level,hq,-0.09919159033283369,0.03787294620901827,0.09919159033283369,0.0,1.0,0.0,negative
reasoning_F,F,HQ + F,augmentation_track,edu_prestige_tier,hq,0.14699604877687655,0.044943977856262404,0.14699604877687655,1.0,0.0,0.0,positive
reasoning_F,F,HQ + F,augmentation_track,exit_count,hq,0.09263568390145308,0.031226539078044492,0.09263568390145308,1.0,0.0,0.0,positive
reasoning_F,F,HQ + F,augmentation_track,exit_x_serial,hq,0.028105944073664353,0.0738213193632786,0.055565750928294,0.5555555555555556,0.4444444444444444,0.4444444444444444,positive
reasoning_F,F,HQ + F,augmentation_track,field_relevance_score,hq,-0.008935864711462807,0.042447243433921616,0.03691632214036735,0.4444444444444444,0.5555555555555556,0.4444444444444444,negative
reasoning_F,F,HQ + F,augmentation_track,founding_role_count,hq,-0.014088901442475703,0.12678246775098476,0.10396160112997901,0.5555555555555556,0.4444444444444444,0.4444444444444444,positive
reasoning_F,F,HQ + F,augmentation_track,founding_timing,hq,0.035523501761308945,0.13184401360927078,0.11250475788253302,0.5555555555555556,0.4444444444444444,0.4444444444444444,positive
reasoning_F,F,HQ + F,augmentation_track,has_prior_acquisition,hq,0.07173923554032285,0.03701522786819974,0.07173923554032285,1.0,0.0,0.0,positive
reasoning_F,F,HQ + F,augmentation_track,has_prior_ipo,hq,0.0799494758670909,0.02488378182597139,0.0799494758670909,1.0,0.0,0.0,positive
reasoning_F,F,HQ + F,augmentation_track,industry_alignment,hq,0.21008585316694445,0.03682660745019818,0.21008585316694445,1.0,0.0,0.0,positive
reasoning_F,F,HQ + F,augmentation_track,industry_pivot_count,hq,-0.07122079030534986,0.03549911669696588,0.07122079030534986,0.0,1.0,0.0,negative
reasoning_F,F,HQ + F,augmentation_track,industry_prestige_penalty,hq,0.07989090395569894,0.030574018551471287,0.07989090395569894,1.0,0.0,0.0,positive
reasoning_F,F,HQ + F,augmentation_track,is_serial_founder,hq,-0.18419048012874464,0.1188788271871897,0.18419048012874464,0.0,1.0,0.0,negative
reasoning_F,F,HQ + F,augmentation_track,longest_founding_tenure,hq,-0.10509213574061035,0.11499812635009211,0.13038199475632808,0.2222222222222222,0.7777777777777778,0.2222222222222222,negative
reasoning_F,F,HQ + F,augmentation_track,max_company_size_before_founding,hq,0.06581516255601394,0.08013020754060574,0.09489564020190112,0.7777777777777778,0.2222222222222222,0.2222222222222222,positive
reasoning_F,F,HQ + F,augmentation_track,max_seniority_reached,hq,0.21557112027893088,0.07447857759814183,0.21557112027893088,1.0,0.0,0.0,positive
reasoning_F,F,HQ + F,augmentation_track,persistence_score,hq,0.0081707070401707,0.09638383801476973,0.07233750077489841,0.5555555555555556,0.4444444444444444,0.4444444444444444,positive
reasoning_F,F,HQ + F,augmentation_track,prestige_sacrifice_score,hq,0.12039215246013033,0.10046208480979445,0.12047917226859764,0.8888888888888888,0.1111111111111111,0.1111111111111111,positive
reasoning_F,F,HQ + F,augmentation_track,prestige_x_relevance,hq,0.05018458313218098,0.09432538143401968,0.0883412167145382,0.6666666666666666,0.3333333333333333,0.3333333333333333,positive
reasoning_F,F,HQ + F,augmentation_track,repeat_founding_gap,hq,0.018312516430646745,0.04805639317626149,0.04061158542877116,0.7777777777777778,0.2222222222222222,0.2222222222222222,positive
reasoning_F,F,HQ + F,augmentation_track,restlessness_score,hq,-0.06732855312710764,0.07400711048771119,0.07799582101377105,0.1111111111111111,0.8888888888888888,0.1111111111111111,negative
reasoning_F,F,HQ + F,augmentation_track,sacrifice_x_serial,hq,0.160568484719751,0.11486637691487542,0.160568484719751,1.0,0.0,0.0,positive
reasoning_F,F,HQ + F,augmentation_track,seniority_is_monotone,hq,-0.053297053399855895,0.05232120389591103,0.06740444395700411,0.2222222222222222,0.7777777777777778,0.2222222222222222,negative
reasoning_F,F,HQ + F,augmentation_track,stem_flag,hq,0.054506219384385345,0.07301635303489826,0.0765606925843451,0.7777777777777778,0.2222222222222222,0.2222222222222222,positive
reasoning_F,F,HQ + F,augmentation_track,total_inferred_experience,hq,-0.31935596577582376,0.14056067175539172,0.31935596577582376,0.0,1.0,0.0,negative
reasoning_F,F,HQ + F,augmentation_track,years_in_large_company,hq,0.1475919474606432,0.021572653958265943,0.1475919474606432,1.0,0.0,0.0,positive
reasoning_F,F,HQ + F,competition_track,F_career_coherence,reasoning,-1.022094282489745,0.2930081527346782,1.022094282489745,0.0,1.0,0.0,negative
reasoning_F,F,HQ + F,competition_track,F_evidence_support_rating,reasoning,0.5511976971561822,0.06965026453313632,0.5511976971561822,1.0,0.0,0.0,positive
reasoning_F,F,HQ + F,competition_track,F_ownership_signal,reasoning,0.41836139442712517,0.1268878154628356,0.41836139442712517,1.0,0.0,0.0,positive
reasoning_F,F,HQ + F,competition_track,F_rubric_score,reasoning,-0.530095305914132,0.03885179828495061,0.530095305914132,0.0,1.0,0.0,negative
reasoning_F,F,HQ + F,competition_track,F_trajectory_strength,reasoning,0.6904929026829961,0.3017289924645574,0.6904929026829961,1.0,0.0,0.0,positive
reasoning_F,F,HQ + F,competition_track,best_degree_prestige,hq,0.1430201955100454,0.04203542027589146,0.1430201955100454,1.0,0.0,0.0,positive
reasoning_F,F,HQ + F,competition_track,comfort_index,hq,0.05400967444478821,0.04346756281311066,0.06546452989892654,0.8888888888888888,0.1111111111111111,0.1111111111111111,positive
reasoning_F,F,HQ + F,competition_track,company_size_is_growing,hq,0.020629526843860088,0.05329203859015214,0.0500012541689775,0.7777777777777778,0.2222222222222222,0.2222222222222222,positive
reasoning_F,F,HQ + F,competition_track,degree_level,hq,-0.10012886887161872,0.03773809232712813,0.10012886887161872,0.0,1.0,0.0,negative
reasoning_F,F,HQ + F,competition_track,edu_prestige_tier,hq,0.1430201955100454,0.04203542027589146,0.1430201955100454,1.0,0.0,0.0,positive
reasoning_F,F,HQ + F,competition_track,exit_count,hq,0.1885211969089933,0.0636797812767549,0.1885211969089933,1.0,0.0,0.0,positive
reasoning_F,F,HQ + F,competition_track,exit_x_serial,hq,0.0670939590181593,0.09826211991344695,0.08990836515974061,0.6666666666666666,0.3333333333333333,0.3333333333333333,positive
reasoning_F,F,HQ + F,competition_track,field_relevance_score,hq,-0.015133526666997453,0.0425713051472052,0.03649319947103795,0.3333333333333333,0.6666666666666666,0.3333333333333333,negative
reasoning_F,F,HQ + F,competition_track,founding_role_count,hq,-0.041279768735963486,0.12974683836495224,0.10479246024763131,0.5555555555555556,0.4444444444444444,0.4444444444444444,positive
reasoning_F,F,HQ + F,competition_track,founding_timing,hq,0.02888293613005294,0.1312880946711895,0.10673348184904391,0.5555555555555556,0.4444444444444444,0.4444444444444444,positive
reasoning_F,F,HQ + F,competition_track,has_prior_ipo,hq,0.06409576624417496,0.02508865196994593,0.06409576624417496,1.0,0.0,0.0,positive
reasoning_F,F,HQ + F,competition_track,industry_alignment,hq,0.20981489478984716,0.03694629235402211,0.20981489478984716,1.0,0.0,0.0,positive
reasoning_F,F,HQ + F,competition_track,industry_pivot_count,hq,-0.07043568300729601,0.03765247677010684,0.07043568300729601,0.0,1.0,0.0,negative
reasoning_F,F,HQ + F,competition_track,industry_prestige_penalty,hq,0.08039566647337641,0.0297536056157871,0.08039566647337641,1.0,0.0,0.0,positive
reasoning_F,F,HQ + F,competition_track,is_serial_founder,hq,-0.19047668711296048,0.1209822819002389,0.19047668711296048,0.0,1.0,0.0,negative
reasoning_F,F,HQ + F,competition_track,longest_founding_tenure,hq,-0.10256992534478913,0.11361580751488655,0.12745288196346574,0.2222222222222222,0.7777777777777778,0.2222222222222222,negative
reasoning_F,F,HQ + F,competition_track,max_company_size_before_founding,hq,0.07044294792628261,0.0802644764190901,0.09725515309730194,0.7777777777777778,0.2222222222222222,0.2222222222222222,positive
reasoning_F,F,HQ + F,competition_track,max_seniority_reached,hq,0.22369874609027798,0.07601643917449805,0.22369874609027798,1.0,0.0,0.0,positive
reasoning_F,F,HQ + F,competition_track,persistence_score,hq,0.012177864120476566,0.0970462035198024,0.07552071533005665,0.6666666666666666,0.3333333333333333,0.3333333333333333,positive
reasoning_F,F,HQ + F,competition_track,prestige_sacrifice_score,hq,0.11323911505970015,0.10115570627272444,0.11323911505970015,1.0,0.0,0.0,positive
reasoning_F,F,HQ + F,competition_track,prestige_x_relevance,hq,0.06835807133589666,0.088571034970569,0.09206783552206195,0.75,0.25,0.25,positive
reasoning_F,F,HQ + F,competition_track,repeat_founding_gap,hq,0.017223518312758087,0.04833966520101599,0.040025852641885046,0.6666666666666666,0.3333333333333333,0.3333333333333333,positive
reasoning_F,F,HQ + F,competition_track,restlessness_score,hq,-0.0668620885674242,0.07479101275977384,0.07855638715104657,0.1111111111111111,0.8888888888888888,0.1111111111111111,negative
reasoning_F,F,HQ + F,competition_track,sacrifice_x_serial,hq,0.16352301012697124,0.11640405183965268,0.16442599906600897,0.8888888888888888,0.1111111111111111,0.1111111111111111,positive
reasoning_F,F,HQ + F,competition_track,seniority_is_monotone,hq,-0.05553249525140242,0.05284717677903417,0.0684877756839698,0.2222222222222222,0.7777777777777778,0.2222222222222222,negative
reasoning_F,F,HQ + F,competition_track,stem_flag,hq,0.05513328037271979,0.07145752507536629,0.07542291454149164,0.7777777777777778,0.2222222222222222,0.2222222222222222,positive
reasoning_F,F,HQ + F,competition_track,total_inferred_experience,hq,-0.31121263964207,0.1388192844367658,0.31121263964207,0.0,1.0,0.0,negative
reasoning_F,F,HQ + F,competition_track,years_in_large_company,hq,0.14684692944999014,0.02146876607981071,0.14684692944999014,1.0,0.0,0.0,positive
reasoning_F,F,HQ + F,raw_family,F_career_coherence,reasoning,-1.0970619298554416,0.17224486937676836,1.0970619298554416,0.0,1.0,0.0,negative
reasoning_F,F,HQ + F,raw_family,F_evidence_support_rating,reasoning,0.5391264831692182,0.08153505037961588,0.5391264831692182,1.0,0.0,0.0,positive
reasoning_F,F,HQ + F,raw_family,F_ownership_signal,reasoning,0.25943373837894945,0.1649424726302928,0.25943373837894945,1.0,0.0,0.0,positive
reasoning_F,F,HQ + F,raw_family,F_rubric_score,reasoning,-0.2357506757606323,0.22550263337028187,0.2796006768039342,0.1111111111111111,0.8888888888888888,0.1111111111111111,negative
reasoning_F,F,HQ + F,raw_family,F_scrappiness,reasoning,-0.021866827857617694,0.04049498220722077,0.032866893340723485,0.3333333333333333,0.6666666666666666,0.3333333333333333,negative
reasoning_F,F,HQ + F,raw_family,F_trajectory_strength,reasoning,0.5659612719470493,0.3573418518647701,0.5659612719470493,1.0,0.0,0.0,positive
reasoning_F,F,HQ + F,raw_family,best_degree_prestige,hq,0.14635266193529592,0.04498326468427111,0.14635266193529592,1.0,0.0,0.0,positive
reasoning_F,F,HQ + F,raw_family,comfort_index,hq,0.052636323488801845,0.04257829314613969,0.06370818080640472,0.8888888888888888,0.1111111111111111,0.1111111111111111,positive
reasoning_F,F,HQ + F,raw_family,company_size_is_growing,hq,0.019669027767463026,0.053611150329572727,0.04929056671252348,0.7777777777777778,0.2222222222222222,0.2222222222222222,positive
reasoning_F,F,HQ + F,raw_family,degree_level,hq,-0.09864440372633325,0.03838910183877451,0.09864440372633325,0.0,1.0,0.0,negative
reasoning_F,F,HQ + F,raw_family,edu_prestige_tier,hq,0.14635266193529592,0.04498326468427111,0.14635266193529592,1.0,0.0,0.0,positive
reasoning_F,F,HQ + F,raw_family,exit_count,hq,0.09242454068463112,0.031078703528613427,0.09242454068463112,1.0,0.0,0.0,positive
reasoning_F,F,HQ + F,raw_family,exit_x_serial,hq,0.028198254789573225,0.07315222555791173,0.05449201981298912,0.5555555555555556,0.4444444444444444,0.4444444444444444,positive
reasoning_F,F,HQ + F,raw_family,field_relevance_score,hq,-0.010383284404305634,0.04282012401232552,0.03700820412941688,0.4444444444444444,0.5555555555555556,0.4444444444444444,negative
reasoning_F,F,HQ + F,raw_family,founding_role_count,hq,-0.01304464212595893,0.12460976519769508,0.10263870116438092,0.5555555555555556,0.4444444444444444,0.4444444444444444,positive
reasoning_F,F,HQ + F,raw_family,founding_timing,hq,0.042421521005661836,0.13024846593790324,0.11422194238739089,0.5555555555555556,0.4444444444444444,0.4444444444444444,positive
reasoning_F,F,HQ + F,raw_family,has_prior_acquisition,hq,0.07145911785214505,0.03649417801369066,0.07145911785214505,1.0,0.0,0.0,positive
reasoning_F,F,HQ + F,raw_family,has_prior_ipo,hq,0.0800595971426887,0.025017916921330055,0.0800595971426887,1.0,0.0,0.0,positive
reasoning_F,F,HQ + F,raw_family,industry_alignment,hq,0.2107930017650445,0.03637037578553727,0.2107930017650445,1.0,0.0,0.0,positive
reasoning_F,F,HQ + F,raw_family,industry_pivot_count,hq,-0.07280150330402911,0.035648341377933476,0.07280150330402911,0.0,1.0,0.0,negative
reasoning_F,F,HQ + F,raw_family,industry_prestige_penalty,hq,0.08004639033680318,0.029785692073397443,0.08004639033680318,1.0,0.0,0.0,positive
reasoning_F,F,HQ + F,raw_family,is_serial_founder,hq,-0.18710194851573878,0.11920366606867208,0.18710194851573878,0.0,1.0,0.0,negative
reasoning_F,F,HQ + F,raw_family,longest_founding_tenure,hq,-0.10284385670188986,0.11572381682100041,0.13007890996468233,0.2222222222222222,0.7777777777777778,0.2222222222222222,negative
reasoning_F,F,HQ + F,raw_family,max_company_size_before_founding,hq,0.06778654482179192,0.07784180321549693,0.09466341730693502,0.7777777777777778,0.2222222222222222,0.2222222222222222,positive
reasoning_F,F,HQ + F,raw_family,max_seniority_reached,hq,0.2179554356011878,0.07335894412071377,0.2179554356011878,1.0,0.0,0.0,positive
reasoning_F,F,HQ + F,raw_family,persistence_score,hq,0.007621421251843065,0.09797310920217846,0.07228043644653066,0.5555555555555556,0.4444444444444444,0.4444444444444444,positive
reasoning_F,F,HQ + F,raw_family,prestige_sacrifice_score,hq,0.11751871733797481,0.09866823545365809,0.11876902968669396,0.8888888888888888,0.1111111111111111,0.1111111111111111,positive
reasoning_F,F,HQ + F,raw_family,prestige_x_relevance,hq,0.049988197236901795,0.09508685537156518,0.09037753080548375,0.6666666666666666,0.3333333333333333,0.3333333333333333,positive
reasoning_F,F,HQ + F,raw_family,repeat_founding_gap,hq,0.018586277499867986,0.04766014885468627,0.04042553501986627,0.7777777777777778,0.2222222222222222,0.2222222222222222,positive
reasoning_F,F,HQ + F,raw_family,restlessness_score,hq,-0.06725015251275218,0.0731555897949685,0.07801101527127235,0.1111111111111111,0.8888888888888888,0.1111111111111111,negative
reasoning_F,F,HQ + F,raw_family,sacrifice_x_serial,hq,0.16250438501087008,0.11393277898871113,0.16250438501087008,1.0,0.0,0.0,positive
reasoning_F,F,HQ + F,raw_family,seniority_is_monotone,hq,-0.05245204570928476,0.051908999395624246,0.06678860746862733,0.2222222222222222,0.7777777777777778,0.2222222222222222,negative
reasoning_F,F,HQ + F,raw_family,stem_flag,hq,0.05621326029551242,0.07365093092611599,0.07712590746109002,0.7777777777777778,0.2222222222222222,0.2222222222222222,positive
reasoning_F,F,HQ + F,raw_family,total_inferred_experience,hq,-0.3268401334757464,0.14022972989427335,0.3268401334757464,0.0,1.0,0.0,negative
reasoning_F,F,HQ + F,raw_family,years_in_large_company,hq,0.14853722996992672,0.02162240998532532,0.14853722996992672,1.0,0.0,0.0,positive
