model_type,table,regression,set_id,reasoning_combo,variant,threshold_tuning,dataset_size,F0.5_mean,F0.5_std,ROC-AUC_mean,ROC-AUC_std,PR-AUC_mean,PR-AUC_std,Prec_mean,Prec_std,Rec_mean,Rec_std,Acc_mean,Acc_std
logistic,Table 1,Human Only,,,,oof,4400,0.21528993164345964,0.03705988830213795,0.6737642378642599,0.02567597884341348,0.18143011076338558,0.015391680311546486,0.2097079368038437,0.03658289351857662,0.24234177215189873,0.04133662482393358,0.8490909090909092,0.011327214358524669
logistic,Table 1,Human Legacy 1 (scaled durations),,,,oof,4400,0.23300081513459253,0.026054955787633276,0.6768724489957174,0.022323574942913007,0.1873878111055865,0.013645798770471108,0.2202847169371441,0.028824629594174346,0.3080379746835443,0.022816082617782382,0.8377272727272727,0.01618909438046193
logistic,Table 1,Human Legacy 2 (binary equivalents),,,,oof,4400,0.21528993164345964,0.03705988830213795,0.6737642378642599,0.02567597884341348,0.18143011076338558,0.015391680311546486,0.2097079368038437,0.03658289351857662,0.24234177215189873,0.04133662482393358,0.8490909090909092,0.011327214358524669
logistic,Table 1,Human Legacy 3 (mixed durations),,,,oof,4400,0.23237206666687155,0.034249810014000286,0.6797461209978823,0.0236572618650205,0.1879999308757838,0.017405445480127013,0.22591978101782023,0.03615424218911651,0.26512658227848107,0.029691842515027413,0.8506818181818183,0.013965719541579295
logistic,Table 1,Reasoning Only,,A,,oof,4400,0.23417189330116966,0.06312698708842536,0.6042850484313517,0.06328519766090052,0.17087046386227836,0.04170813154890086,0.25093591841355106,0.06737305169655587,0.1868987341772152,0.05403284324681649,0.8763636363636363,0.01059685747897705
logistic,Table 1,Human + Reasoning,,A,,oof,4400,0.27816001726937434,0.039607621270075805,0.70078271476813,0.05058153936809139,0.22117664547709143,0.037932610189025814,0.28208514502599524,0.03915363411386569,0.2651582278481013,0.047381397144716564,0.8731818181818183,0.00735043710399828
logistic,Table 1,Reasoning Only,,B,,oof,4400,0.11348055725867741,0.012203886844838092,0.5037138686165631,0.022331033776367006,0.09480265769107707,0.009732668836824897,0.09538611623557453,0.00975017653307563,0.4798101265822784,0.10223907311993928,0.5486363636363637,0.04577952012428612
logistic,Table 1,Human + Reasoning,,B,,oof,4400,0.21875578455670172,0.0353003933506587,0.67457552863608,0.022585385762370076,0.18000688011382365,0.014363703235434188,0.22505900653223843,0.037474954519246345,0.19943037974683545,0.03389499038704107,0.8652272727272727,0.011535070491317757
logistic,Table 1,Reasoning Only,,E,,oof,4400,0.121578703710987,0.00804662695413986,0.5243704096392563,0.023300804271274737,0.10230554543763257,0.005355677363669994,0.10277120492288142,0.008056542177100775,0.49003164556962026,0.10981012658227847,0.5597727272727273,0.11129079250264944
logistic,Table 1,Human + Reasoning,,E,,oof,4400,0.23350397698567424,0.033223586429786366,0.6875191075929613,0.03626569905055894,0.18641408889218508,0.019578323208204237,0.22437949123261416,0.03297183594687238,0.282753164556962,0.04223112826103096,0.8465909090909092,0.014356010633957993
logistic,Table 1,Reasoning Only,,A+B,,oof,4400,0.22321406307146882,0.06073135060715285,0.5927961511471025,0.06526013708836147,0.1624325597429746,0.039898820741198916,0.24084851604048724,0.06194301589035047,0.17433544303797469,0.055345595256321496,0.8770454545454545,0.007720585341574086
logistic,Table 1,Human + Reasoning,,A+B,,oof,4400,0.27958019986055394,0.05448431112178253,0.699049062732107,0.04296054545494303,0.21795759743160942,0.03624911381627522,0.3012692748821205,0.059782471105783525,0.2171835443037975,0.04039586401098557,0.8840909090909091,0.007905694150420925
logistic,Table 1,Reasoning Only,,A+E,,oof,4400,0.21967044070137431,0.08759464811237239,0.6195563699054979,0.05204572362832772,0.1758036602207183,0.039433378533787145,0.26168896168896166,0.10189348030731543,0.13648734177215188,0.05922944963355313,0.8881818181818181,0.009414688716912683
logistic,Table 1,Human + Reasoning,,A+E,,oof,4400,0.2760389500546636,0.08890856274853279,0.7167560546597211,0.04538570241600468,0.22780251810707539,0.04570404991080591,0.2985849375211077,0.0871467487200803,0.21487341772151897,0.08802020496075387,0.885909090909091,0.009164475069843605
logistic,Table 1,Reasoning Only,,B+E,,oof,4400,0.1333454671944062,0.013560029492677353,0.5210215904713648,0.025015091256806902,0.10296595868711586,0.010776476207347866,0.11621366553731068,0.01000304857606794,0.3408860759493671,0.09082188064649399,0.7106818181818182,0.03740414746968421
logistic,Table 1,Human + Reasoning,,B+E,,oof,4400,0.2309413010101069,0.02771777322179558,0.6806709232130723,0.03478935762952228,0.181830224467667,0.017685957542973852,0.22182988095091338,0.027026566833110176,0.2802215189873417,0.042787103900763256,0.8463636363636364,0.01212026511452125
logistic,Table 1,Reasoning Only,,A+B+E,,oof,4400,0.21907191531268566,0.07971485767296514,0.6126146419280093,0.05237439293959078,0.16807341315722898,0.04285006486877514,0.2485734196313211,0.08908744947296696,0.1490822784810127,0.05645062274983984,0.8834090909090909,0.008761061485180164
logistic,Table 1,Human + Reasoning,,A+B+E,,oof,4400,0.27230483053322035,0.03510914383252634,0.7110440453438345,0.04430895348411537,0.22509783632206828,0.046114268795263404,0.2597656021241222,0.031482701402338845,0.33844936708860757,0.05937319474144439,0.8543181818181818,0.005251918185586981
logistic,Table HQ,HQ Only,,,,oof,4400,0.22158649446097978,0.03909120267944706,0.6595654726489041,0.022123230349584595,0.18388167087409366,0.01823808728609705,0.2069169148145476,0.03751994364198486,0.31066455696202533,0.04674508046488576,0.8295454545454545,0.01592531640123168
logistic,Table HQ,HQ Only (+repeat_founding_gap),,,,oof,4400,0.21996021785132291,0.026666416719932685,0.6580688763748637,0.02105974092876211,0.18065813568855388,0.016200552649398445,0.21053012044735783,0.027592146444430306,0.27022151898734176,0.02365776729814307,0.8418181818181818,0.013794537186812315
logistic,Table HQ,HQ + Reasoning,,A,,oof,4400,0.2804324481229903,0.0598232386486065,0.6930259746025538,0.040409638667955626,0.21739210207652265,0.03928470534037246,0.3043102453102453,0.06653721550974155,0.21465189873417723,0.04458720384814093,0.8847727272727273,0.00949662837080736
logistic,Table HQ,HQ + Reasoning,,B,,oof,4400,0.22567541609998312,0.052459524026445,0.6546864352214004,0.021669547841288425,0.18222115725803648,0.021410955247403062,0.24901094665433243,0.06408172224142024,0.1666772151898734,0.03042513750418713,0.8781818181818182,0.011840014797846469
logistic,Table HQ,HQ + Reasoning,,E,,oof,4400,0.22025774170314535,0.06341623910481355,0.6695285206683892,0.03514373846282082,0.1872582006470227,0.026053960408178995,0.25994238469737563,0.08144894969701794,0.14129746835443036,0.04136863986989597,0.8854545454545455,0.010400055626043205
logistic,Table HQ,HQ + Reasoning,,F,,oof,4400,0.25859804537183734,0.05604233634724797,0.667373522169677,0.04859393066424956,0.21042788138489224,0.02515658275712367,0.2867936744629157,0.06986107717714557,0.1918987341772152,0.04255574964952039,0.8829545454545455,0.011544022817454832
logistic,Table HQ,HQ + Reasoning,,A+B,,oof,4400,0.26189999657491914,0.0633485155969901,0.6902125994603264,0.033115196605881886,0.21322213594018669,0.03718878771110517,0.30870251397484116,0.07020868854360039,0.16424050632911394,0.046254522507831554,0.8920454545454545,0.006547663768585442
logistic,Table HQ,HQ + Reasoning,,A+E,,oof,4400,0.28107797058159956,0.0620925181249333,0.7067512288831997,0.039714546814924,0.222114330336418,0.04294026533018795,0.30138411252594727,0.06513704219432488,0.222373417721519,0.05450866463333106,0.8838636363636365,0.008546179853165076
logistic,Table HQ,HQ + Reasoning,,A+F,,oof,4400,0.29971256308955513,0.05663447463867673,0.6960843178621658,0.022693425298505154,0.23769239514931045,0.03282472011484961,0.39480808539632073,0.06965530894921403,0.15658227848101264,0.039762957304430656,0.9022727272727273,0.005794340356355466
logistic,Table HQ,HQ + Reasoning,,B+E,,oof,4400,0.21673008959236642,0.0685424654672228,0.6621521097540258,0.03344198165467625,0.18293058483224037,0.023769420146947662,0.2562735809610005,0.09308827679512319,0.13879746835443035,0.03879886217993123,0.8843181818181819,0.011686327392893115
logistic,Table HQ,HQ + Reasoning,,B+F,,oof,4400,0.25534620062689195,0.05382111938888051,0.6652020894570079,0.04927905784959668,0.20667914922874603,0.024557333248142927,0.27459920634920637,0.07142751366059823,0.20699367088607595,0.03490097466212954,0.8770454545454545,0.01292460655282993
logistic,Table HQ,HQ + Reasoning,,E+F,,oof,4400,0.2687670723272163,0.05880983841135612,0.6782865301383555,0.04324167630048275,0.2126838968054511,0.030197366725424352,0.31025530815199853,0.08885233109805502,0.18180379746835443,0.02830642692887767,0.8877272727272729,0.011026826791552896
logistic,Table HQ,HQ + Reasoning,,A+B+E,,oof,4400,0.2771663119779153,0.0666676192671937,0.70027052408777,0.03773965168950748,0.21834295181048727,0.04376801526271381,0.285931841636176,0.06972008020134678,0.24762658227848103,0.05854430379746835,0.8763636363636363,0.011552968206489819
logistic,Table HQ,HQ + Reasoning,,A+B+F,,oof,4400,0.27504913441714474,0.04183633301826589,0.6954971844924858,0.021830164542441632,0.23359941750769703,0.03614479920190668,0.29287968279218923,0.03973901557185144,0.2223101265822785,0.046060341284629325,0.8822727272727272,0.0041035159284699635
logistic,Table HQ,HQ + Reasoning,,A+E+F,,oof,4400,0.2832628562369125,0.04586040108059497,0.7116097487910682,0.022989974657808197,0.2461024252318568,0.03578513742230259,0.30458326607479147,0.043677160391194625,0.22240506329113927,0.047665581828769774,0.885,0.004153560655112976
logistic,Table HQ,HQ + Reasoning,,B+E+F,,oof,4400,0.2674254945053693,0.0531565738455333,0.6726873768845115,0.04128183302660754,0.20762608702425397,0.027956980000742062,0.3215974501688787,0.09065638881460747,0.1666139240506329,0.024119239256064844,0.8911363636363637,0.00983857310086973
logistic,Table HQ,HQ + Reasoning,,A+B+E+F,,oof,4400,0.27352415714536604,0.03515524443716211,0.7062290061671329,0.02114771665696371,0.23974396232246603,0.03414644261256476,0.2967744324191589,0.03343505932365516,0.209746835443038,0.03864306318498235,0.8845454545454545,0.0036363636363636086
xgboost,Table 1,Human Only,,,,oof,4400,0.22902878591140485,0.022835847584374857,0.6781098861292845,0.03314227230171282,0.18109908644812517,0.021151721459691245,0.22418222876859425,0.02251837643525751,0.2525949367088608,0.03148847081494653,0.8538636363636364,0.00808656676120782
xgboost,Table 1,Human Legacy 1 (scaled durations),,,,oof,4400,0.2258976139541768,0.01378681981786639,0.674874300789954,0.026298039098510775,0.1784931553559841,0.016286308331728793,0.2359278874049672,0.015731204842667764,0.19696202531645574,0.03052286961640818,0.8699999999999999,0.007957791545459824
xgboost,Table 1,Human Legacy 2 (binary equivalents),,,,oof,4400,0.2264090889809005,0.015139475314140062,0.6784266285517312,0.03256680824024471,0.18221766295157318,0.021566890317757086,0.2505911350361435,0.01579704121060501,0.16664556962025318,0.02804561715426944,0.8800000000000001,0.005952636751685815
xgboost,Table 1,Human Legacy 3 (mixed durations),,,,oof,4400,0.23011182329993604,0.01559578563504092,0.6734085533905404,0.025522377199442718,0.17880304733298394,0.01677001089810379,0.24092109219142643,0.020911231410308952,0.199493670886076,0.028163916931996723,0.8706818181818182,0.009215061333051494
xgboost,Table 1,Reasoning Only,,A,,oof,4400,0.25651923247563096,0.033690532115953055,0.6218651902191091,0.05160602557324658,0.16714521226510778,0.024385182820710553,0.263882935438661,0.03027309518013673,0.23490506329113928,0.0506063617101405,0.8727272727272727,0.005659045271813054
xgboost,Table 1,Human + Reasoning,,A,,oof,4400,0.25708126284339067,0.03041776322677405,0.7118864567777224,0.037471364348770374,0.21871052131346547,0.03782042834287483,0.2375948975365004,0.03033890948590959,0.3863607594936709,0.04043115056770173,0.8320454545454545,0.013998966904031341
xgboost,Table 1,Reasoning Only,,B,,oof,4400,0.12116287247270963,0.01641736839301936,0.5187419004527568,0.025038029672934697,0.09750042450615755,0.00648042341680303,0.10264549081412008,0.01367662269095861,0.43677215189873414,0.07640171201683055,0.6079545454545455,0.016576893208009532
xgboost,Table 1,Human + Reasoning,,B,,oof,4400,0.23023567115924956,0.02282180970325693,0.6781893310527585,0.03249320497548177,0.17844098400304523,0.020477688483542603,0.22538912620974597,0.02287001896332114,0.25503164556962027,0.03321916703959747,0.8536363636363635,0.01014868798262098
xgboost,Table 1,Reasoning Only,,E,,oof,4400,0.13445693505672945,0.03477711729044644,0.5145419571955151,0.024048054612721515,0.10283505820042653,0.013764260684459045,0.11937939423919937,0.03190009071093266,0.29803797468354426,0.08360958324181632,0.7259090909090908,0.08480166457121928
xgboost,Table 1,Human + Reasoning,,E,,oof,4400,0.23384088260220842,0.031917054411044296,0.6922037346266139,0.04478108375065577,0.18693056778793998,0.02501348670478635,0.22931090787415784,0.03077025755457068,0.25753164556962027,0.04542187723533097,0.8552272727272727,0.010305258226140559
xgboost,Table 1,Reasoning Only,,A+B,,oof,4400,0.2446714169551874,0.03752801924370709,0.6179955314213641,0.049282646435197607,0.16812703495072343,0.024992091090791063,0.2711714897268347,0.0417486873628395,0.17680379746835445,0.02905669940243446,0.8829545454545453,0.006140570948230134
xgboost,Table 1,Human + Reasoning,,A+B,,oof,4400,0.25458239306509867,0.05027430702762876,0.711243812792356,0.03588361357305689,0.21432540817349882,0.03624583378312881,0.2858233615839803,0.06195999123200075,0.17930379746835445,0.03042954778870728,0.8845454545454545,0.010305258226140573
xgboost,Table 1,Reasoning Only,,A+E,,oof,4400,0.2501405676045764,0.034336097412681295,0.6166443074519193,0.03121747483332877,0.17056440295396577,0.024945096710885937,0.2567240633528896,0.03387355018321772,0.23240506329113925,0.050057489782128844,0.8704545454545455,0.008288446604004782
xgboost,Table 1,Human + Reasoning,,A+E,,oof,4400,0.26711253891534426,0.03957334022482589,0.7203686267116659,0.03962547061752373,0.22125714434971408,0.03633460427661374,0.2816792605320306,0.041971604584615775,0.22224683544303797,0.03557440618282159,0.8788636363636364,0.006764943666425992
xgboost,Table 1,Reasoning Only,,B+E,,oof,4400,0.1392128625364915,0.022176037578915755,0.5262356810711294,0.029951669236587333,0.10802765391530081,0.01535325668660073,0.12649737649143045,0.01848377810516404,0.2399367088607595,0.06898223183955253,0.7849999999999999,0.020446968293531768
xgboost,Table 1,Human + Reasoning,,B+E,,oof,4400,0.2324791403912793,0.029321504832258878,0.6912864792476571,0.04467004668029714,0.1854255168128907,0.025846757290906734,0.2244554049467637,0.02854735029375464,0.27518987341772155,0.04512866826360949,0.8488636363636364,0.011340886318067874
xgboost,Table 1,Reasoning Only,,A+B+E,,oof,4400,0.2508474509396871,0.03913822021481213,0.6200610151076976,0.03396140968008158,0.17263395012048055,0.026374297388694342,0.260022621952669,0.039205151621377575,0.22224683544303797,0.044390917958293453,0.8734090909090909,0.005731600096781123
xgboost,Table 1,Human + Reasoning,,A+B+E,,oof,4400,0.2664483681421953,0.03832648331654516,0.7187359076717789,0.038733407141786746,0.22068033322421945,0.03539715154689263,0.2806596517917512,0.04230411079082152,0.22218354430379747,0.02918545148585068,0.878409090909091,0.007005015912464729
xgboost,Table HQ,HQ Only,,,,oof,4400,0.2364021192602402,0.03301938548785826,0.6649055362956114,0.019333337807109247,0.1808117945242734,0.018449421415549908,0.22843936205638332,0.03318489678739665,0.27528481012658224,0.031658288583242586,0.8504545454545456,0.010280166252635137
xgboost,Table HQ,HQ + Reasoning,,A,,oof,4400,0.2689703084998018,0.04176231445138945,0.7060001022752413,0.025353213218587724,0.21958276985182507,0.03539467316956245,0.2735601463579049,0.04299769389267576,0.25250000000000006,0.03902764848897604,0.8722727272727273,0.0073504371039982905
xgboost,Table HQ,HQ + Reasoning,,B,,oof,4400,0.22829960317286307,0.037676738850975694,0.6646656570752144,0.02233313346162795,0.17940560210091244,0.019571120683201246,0.22216841286074152,0.03724695143908315,0.25753164556962027,0.04097063795171861,0.8515909090909091,0.010405021038417825
xgboost,Table HQ,HQ + Reasoning,,E,,oof,4400,0.23163570020474347,0.02138865586064038,0.6770205362610422,0.03475498763067369,0.188021676331969,0.023350939256101835,0.22543599263601463,0.02302643942389123,0.2625632911392405,0.02087734762001273,0.8515909090909091,0.010746900379579013
xgboost,Table HQ,HQ + Reasoning,,F,,oof,4400,0.24246494902738253,0.022617820106306166,0.689663215334076,0.02089639447195898,0.19693090492897444,0.026142234707104573,0.22852888090221857,0.021481464945426045,0.3231962025316456,0.03853848348315253,0.8406818181818181,0.009994833376043647
xgboost,Table HQ,HQ + Reasoning,,A+B,,oof,4400,0.2713355891348196,0.04650905510443892,0.7034426764309644,0.024350801147218236,0.21641548660652615,0.03538373021198506,0.2738588310805709,0.048373727630797655,0.2626582278481013,0.042077899085049775,0.8704545454545455,0.0099585919546394
xgboost,Table HQ,HQ + Reasoning,,A+E,,oof,4400,0.2757587690347009,0.030288970148302632,0.7091084947711721,0.03127471044696384,0.2195240091066037,0.03465429222145633,0.2720405788285964,0.03203320508223034,0.2929746835443038,0.026261170855397177,0.8652272727272727,0.008878193174829367
xgboost,Table HQ,HQ + Reasoning,,A+F,,oof,4400,0.2850307051052031,0.029061918395022264,0.7149695644240192,0.022166494312627415,0.22721382747209673,0.03285057428668297,0.2879188376931903,0.029328940730800668,0.27528481012658224,0.03265485459960964,0.8734090909090909,0.006290160228680918
xgboost,Table HQ,HQ + Reasoning,,B+E,,oof,4400,0.22828318018192,0.0319749664602406,0.6761925297590827,0.036031943452274985,0.18825645194866975,0.023497126639077437,0.22245771529551334,0.032536019010753404,0.25746835443037974,0.03540323262058397,0.8513636363636363,0.012013250260365904
xgboost,Table HQ,HQ + Reasoning,,B+F,,oof,4400,0.24498997695588393,0.028379523093047445,0.6869502621821615,0.02328369062578818,0.19494238457993698,0.02593763610308707,0.2515840916750927,0.034452631194961926,0.22481012658227847,0.020839610761778916,0.8688636363636363,0.010818754759465386
xgboost,Table HQ,HQ + Reasoning,,E+F,,oof,4400,0.23818850545474285,0.04195272945402047,0.6895116709087927,0.03582624839728749,0.19664347382334868,0.027819921164160783,0.2702290241634504,0.047789144731386485,0.16414556962025317,0.034906024408081306,0.8847727272727273,0.006726658448613065
xgboost,Table HQ,HQ + Reasoning,,A+B+E,,oof,4400,0.2745819040747633,0.03688750557140232,0.7069639177541128,0.02909155539375118,0.21825931107334404,0.03284887113188111,0.2758698416606166,0.03892505569990336,0.27022151898734176,0.03072854879332506,0.8700000000000001,0.008612406964316558
xgboost,Table HQ,HQ + Reasoning,,A+B+F,,oof,4400,0.2817780209714649,0.022808155556061336,0.7150993042221748,0.02416041030823262,0.2277673561254149,0.032543160696486426,0.28515829998528414,0.02385168916823374,0.2702215189873418,0.024975633053735923,0.8731818181818181,0.0057764841032449
xgboost,Table HQ,HQ + Reasoning,,A+E+F,,oof,4400,0.2857330488756794,0.01908144967139142,0.7158968443322429,0.02772469248419542,0.2257579045204003,0.029821141470387523,0.2798053350418567,0.01958208451920137,0.31322784810126586,0.02292537513036175,0.8654545454545455,0.005821022034029865
xgboost,Table HQ,HQ + Reasoning,,B+E+F,,oof,4400,0.23890102407475028,0.02744828245499164,0.6894303455233963,0.03571623004763586,0.19649612143447137,0.028123545936126603,0.23586452455019535,0.029501628296352337,0.25259493670886074,0.018724338846697733,0.8584090909090911,0.008878193174829383
xgboost,Table HQ,HQ + Reasoning,,A+B+E+F,,oof,4400,0.28115078640256647,0.021897895652340647,0.716124621616176,0.028428772627126644,0.22495681210438936,0.029206443093866004,0.27590022921443297,0.02157825444852588,0.30563291139240506,0.029992521633728755,0.8652272727272727,0.005995866344669515
logistic,Full HQ,HQ Only,,,full_hq_no_rule,oof,4500,0.22182972561322364,0.01936585097954098,0.6639111231703824,0.049003819803895926,0.1830581020197072,0.028472623769055277,0.21945307841951706,0.02199349801173779,0.23703703703703702,0.03439108216588671,0.8546666666666667,0.011704172517567708
logistic,Full HQ,HQ + Reasoning,,A,full_hq_no_rule,oof,4500,0.2788305386443171,0.02324040006129039,0.696897752453308,0.04557185906633513,0.2073341886000278,0.031052427974137733,0.279480129702013,0.030020849306650336,0.2814814814814815,0.025180343277001405,0.8688888888888888,0.01028002978330702
logistic,Full HQ,HQ + Reasoning,,B,full_hq_no_rule,oof,4500,0.22422091283967643,0.029856722568511396,0.66475225734485,0.05661878411721975,0.1881293442858246,0.03670426665704793,0.22769502325845564,0.03565925223103367,0.2148148148148148,0.022897823445668406,0.8624444444444445,0.011361620472145971
logistic,Full HQ,HQ + Reasoning,,C,full_hq_no_rule,oof,4500,0.24608870621164497,0.03336578056258388,0.6686127315756945,0.05123859658626905,0.1973575713721127,0.023287631859559097,0.26270400541675076,0.03376460379053498,0.19999999999999998,0.03856913420200817,0.8773333333333333,0.00768516287368471
logistic,Full HQ,HQ + Reasoning,,D,full_hq_no_rule,oof,4500,0.25394737980295534,0.023237169776004773,0.6919338548968177,0.053347562820766976,0.20663168775601962,0.03524973231078384,0.2591637449672854,0.026176506425194753,0.23703703703703702,0.025180343277001405,0.8700000000000001,0.006740333728045833
logistic,Full HQ,HQ + Reasoning,,E,full_hq_no_rule,oof,4500,0.24306601572396586,0.06243449486557019,0.6724867724867725,0.0541573781468526,0.1941258139258824,0.038918584688721766,0.30149847609801844,0.09300405159274049,0.14074074074074075,0.031812589448704014,0.8915555555555557,0.009828153061109297
logistic,Full HQ,HQ + Reasoning,,F,full_hq_no_rule,oof,4500,0.26778743645531444,0.04141647258299017,0.6848294366812885,0.04052600460201983,0.2213259415238557,0.03367979692226271,0.293217451248939,0.04748391826823044,0.2024691358024691,0.03872688183051388,0.884,0.007522804835471438
logistic,Full HQ,HQ + Reasoning,,A+B,full_hq_no_rule,oof,4500,0.2780411141803962,0.041134349594389615,0.693623660290327,0.0498169768937041,0.21096402674093007,0.03246371132505904,0.27876292637752736,0.051479026585574954,0.28148148148148144,0.012096245643373717,0.8673333333333334,0.014274210535779331
logistic,Full HQ,HQ + Reasoning,,A+C,full_hq_no_rule,oof,4500,0.2816811116883091,0.03624406418944516,0.7014576644206274,0.04590060888181606,0.22202852625653186,0.02369805126281514,0.2960140991007038,0.04367799577249973,0.2419753086419753,0.03711925031697014,0.8788888888888888,0.010159226178366641
logistic,Full HQ,HQ + Reasoning,,A+D,full_hq_no_rule,oof,4500,0.28838079268320327,0.04125289741116496,0.7174573026424879,0.047619536343418575,0.22897781929967645,0.0308288055722243,0.27616391439975796,0.041771683040806855,0.3530864197530864,0.047237349307923435,0.8577777777777778,0.011863420280034797
logistic,Full HQ,HQ + Reasoning,,A+E,full_hq_no_rule,oof,4500,0.2871632573537809,0.05037095360666738,0.7002607817422632,0.04703595416368604,0.21674224367195047,0.03394762692852296,0.3065008089241874,0.06095124240743338,0.2345679012345679,0.036623202405410685,0.8817777777777778,0.011938112016500708
logistic,Full HQ,HQ + Reasoning,,A+F,full_hq_no_rule,oof,4500,0.304596248704895,0.05592296614641189,0.7098087098087098,0.04049159503483771,0.2432869454317336,0.026396111055566114,0.34523022312373225,0.08199359942983843,0.2148148148148148,0.037119250316970144,0.8908888888888888,0.010193195503270882
logistic,Full HQ,HQ + Reasoning,,B+C,full_hq_no_rule,oof,4500,0.24776471773759248,0.04911980392691647,0.6671279337946004,0.054108583869225534,0.19570867558624908,0.029301677295898276,0.28815268141427325,0.05532905996717126,0.16049382716049382,0.03744629848914346,0.8886666666666667,0.006718318425702648
logistic,Full HQ,HQ + Reasoning,,B+D,full_hq_no_rule,oof,4500,0.25945454281253383,0.039954724772892414,0.6885557515187145,0.05669196177275855,0.20629819867173493,0.042512664191817165,0.2804036075539389,0.04710867838675001,0.20246913580246914,0.03275678805289284,0.8808888888888889,0.007931808132255438
logistic,Full HQ,HQ + Reasoning,,B+E,full_hq_no_rule,oof,4500,0.2337241346328008,0.028893342767777868,0.6689684800795911,0.05553812264559473,0.19290565534161622,0.03970823968463376,0.24316526610644257,0.03869688845047791,0.20740740740740735,0.023939159789710264,0.8691111111111111,0.010550291084861522
logistic,Full HQ,HQ + Reasoning,,B+F,full_hq_no_rule,oof,4500,0.29063614431992485,0.0416050059868235,0.6828456865493903,0.04481214198314818,0.22533320031563714,0.037808390084254274,0.327721948770581,0.05567883773700079,0.2049382716049383,0.035438765665203265,0.8897777777777778,0.007806296920111257
logistic,Full HQ,HQ + Reasoning,,C+D,full_hq_no_rule,oof,4500,0.2597571980563993,0.038788365809578944,0.6949758060869171,0.050978206485020945,0.21179424257976773,0.026333690678346396,0.28656555138502815,0.04124198427624794,0.1925925925925926,0.03950617283950617,0.884,0.007221367470787523
logistic,Full HQ,HQ + Reasoning,,C+E,full_hq_no_rule,oof,4500,0.24779496245816604,0.042933674551607584,0.6725440540255355,0.05285039511312802,0.2013150287015398,0.03114741334589741,0.26468896600475544,0.046665097895736356,0.2,0.03935154926051661,0.8775555555555556,0.00878831997034899
logistic,Full HQ,HQ + Reasoning,,C+F,full_hq_no_rule,oof,4500,0.2810085673133754,0.03086431330664862,0.6911424652165393,0.03606590594717716,0.22973592931254597,0.02772267592596189,0.3408547008547008,0.04604101434402032,0.17037037037037037,0.02962962962962963,0.8948888888888888,0.006651835354264778
logistic,Full HQ,HQ + Reasoning,,D+E,full_hq_no_rule,oof,4500,0.2589713314316855,0.054124046000763634,0.6946969354376762,0.05430940736438243,0.2110940461502142,0.04284520711370789,0.2710644701286825,0.06408430697844428,0.22469135802469134,0.03935154926051661,0.874,0.013307382152515453
logistic,Full HQ,HQ + Reasoning,,D+F,full_hq_no_rule,oof,4500,0.3024264835172542,0.04167526416245617,0.7145691071616997,0.042803877108791036,0.2492504036468654,0.03811350663219961,0.34211513859275056,0.04985443351840873,0.2123456790123457,0.04305085376336467,0.892,0.006754970734920285
logistic,Full HQ,HQ + Reasoning,,E+F,full_hq_no_rule,oof,4500,0.27903534339202807,0.03318890330722352,0.6906570795459684,0.04300767872551847,0.2249893300051636,0.034147279138290784,0.3414716742302949,0.05873849795243574,0.16790123456790124,0.028794824172075555,0.8946666666666665,0.007806296920111236
logistic,Full HQ,HQ + Reasoning,,A+B+C,full_hq_no_rule,oof,4500,0.2883033108371992,0.02382495029854565,0.6976409050483123,0.04886883317086622,0.22126477860519694,0.024764329563682064,0.3018115255882203,0.03388580551684427,0.2518518518518519,0.031812589448704014,0.8791111111111111,0.009092121131323933
logistic,Full HQ,HQ + Reasoning,,A+B+D,full_hq_no_rule,oof,4500,0.2912574262165498,0.02752030280920325,0.7135832617314098,0.04953708229636718,0.22906182194803604,0.03406086543389172,0.31913870018576523,0.04862416885756764,0.22222222222222224,0.015616185976140144,0.8857777777777777,0.008703624901140532
logistic,Full HQ,HQ + Reasoning,,A+B+E,full_hq_no_rule,oof,4500,0.27825242405569217,0.047151905923893796,0.6958259847148736,0.04748908240415044,0.21614458810875042,0.035265913545020275,0.30473953701457945,0.05468472980375605,0.21234567901234563,0.04375319789301074,0.8846666666666666,0.009568466729604895
logistic,Full HQ,HQ + Reasoning,,A+B+F,full_hq_no_rule,oof,4500,0.30332349824946264,0.052200972033441324,0.7064562323821584,0.04260675402307669,0.242894048060543,0.029054167153504673,0.3416388013706506,0.08092068525127558,0.21728395061728395,0.028794824172075555,0.889777777777778,0.010361371757222017
logistic,Full HQ,HQ + Reasoning,,A+C+D,full_hq_no_rule,oof,4500,0.302001854261266,0.03844169041202937,0.7225523447745669,0.04592859666567571,0.23979190461045716,0.02709885723908963,0.30211724886027264,0.044057236435463776,0.3037037037037037,0.020059354085520887,0.8731111111111112,0.010596994682281213
logistic,Full HQ,HQ + Reasoning,,A+C+E,full_hq_no_rule,oof,4500,0.2918106529791749,0.048543250320600695,0.7027600657230287,0.04604361478533154,0.2269423062892851,0.026010455265634398,0.31749604209349974,0.05665223522914012,0.22469135802469137,0.04087147001789345,0.8859999999999999,0.009232256923484857
logistic,Full HQ,HQ + Reasoning,,A+C+F,full_hq_no_rule,oof,4500,0.3155812031127917,0.0685408767931127,0.7169176502509835,0.036392022743731926,0.25225823420811067,0.028047538870415438,0.36825244423628595,0.10949955983575271,0.20987654320987653,0.03312693299999688,0.8939999999999999,0.010922849535506223
logistic,Full HQ,HQ + Reasoning,,A+D+E,full_hq_no_rule,oof,4500,0.2965288163138079,0.03203623866536802,0.7198118753674309,0.04813630259864439,0.2319225309858282,0.03583369521757669,0.31532138872131754,0.04001961014000391,0.2419753086419753,0.022897823445668406,0.8837777777777778,0.007717224601860176
logistic,Full HQ,HQ + Reasoning,,A+D+F,full_hq_no_rule,oof,4500,0.3314579846002454,0.04238438802061483,0.7332217850736369,0.04151412077061472,0.2665835311567387,0.029548104430426582,0.3700213485617212,0.05570815589546523,0.24197530864197528,0.04851082149231728,0.8939999999999999,0.007221367470787523
logistic,Full HQ,HQ + Reasoning,,A+E+F,full_hq_no_rule,oof,4500,0.3095622749041353,0.039770908546508006,0.7143580699136254,0.04160860325619778,0.2447895132917884,0.027918269420413897,0.3512784741109864,0.058623479535147564,0.2148148148148148,0.029834681416282892,0.8926666666666666,0.007390350732584827
logistic,Full HQ,HQ + Reasoning,,B+C+D,full_hq_no_rule,oof,4500,0.2641692622202655,0.036219002137224426,0.6921810699588477,0.05329829187413862,0.2115960421470815,0.034358603794354375,0.28082672434510936,0.038433095422972754,0.2148148148148148,0.03367452270860705,0.8797777777777778,0.006142344427149039
logistic,Full HQ,HQ + Reasoning,,B+C+E,full_hq_no_rule,oof,4500,0.24986351980127913,0.04925881991698232,0.6692428285020877,0.05352571423143836,0.1998980688177884,0.031772767702409374,0.28599168630090743,0.059146015312402885,0.16790123456790124,0.0345679012345679,0.8868888888888888,0.007710822921287748
logistic,Full HQ,HQ + Reasoning,,B+C+F,full_hq_no_rule,oof,4500,0.27840884010488404,0.03618540428999582,0.6898340342784787,0.0390208980436358,0.23006693645346604,0.030876175220684345,0.35199792960662524,0.06807080319527538,0.1580246913580247,0.026363156177855087,0.8966666666666667,0.007269078770576066
logistic,Full HQ,HQ + Reasoning,,B+D+E,full_hq_no_rule,oof,4500,0.25514834233688455,0.064935673905109,0.6915283618987322,0.055340375313168544,0.2084754918332928,0.04491460220264115,0.32390896740957936,0.09308986435717188,0.14074074074074075,0.03275678805289284,0.8948888888888888,0.009338622839755863
logistic,Full HQ,HQ + Reasoning,,B+D+F,full_hq_no_rule,oof,4500,0.30018401750374074,0.04303587322083066,0.7114020410316707,0.045226817480139174,0.24745635664718,0.04090099039089064,0.34042171324672277,0.05326058631027828,0.20987654320987653,0.04347362188063953,0.8917777777777779,0.007221367470787499
logistic,Full HQ,HQ + Reasoning,,B+E+F,full_hq_no_rule,oof,4500,0.2827690460303449,0.021417259532547504,0.6870679389197908,0.04431085347310247,0.2232374454577223,0.036564748674627785,0.33364025362741667,0.03697027171695355,0.1802469135802469,0.025421308990091356,0.8931111111111111,0.005979388465366093
logistic,Full HQ,HQ + Reasoning,,C+D+E,full_hq_no_rule,oof,4500,0.2723210802562247,0.03561177615933636,0.6971811453292934,0.051775827319574,0.21708872793611173,0.03183606210785782,0.2729771006426945,0.040596026624596666,0.274074074074074,0.030641169496273716,0.8675555555555554,0.013097921802925698
logistic,Full HQ,HQ + Reasoning,,C+D+F,full_hq_no_rule,oof,4500,0.29609650008177846,0.04396579332524727,0.7189300411522633,0.037687787307793125,0.25660462749554214,0.0329335025296449,0.3414479006142793,0.05649086994445596,0.19753086419753083,0.03491885339192827,0.8928888888888888,0.007255478985473117
logistic,Full HQ,HQ + Reasoning,,C+E+F,full_hq_no_rule,oof,4500,0.2811315656197587,0.020629022087156054,0.6949034504590059,0.03867477612323805,0.2305517772558264,0.02649769390616078,0.35246408437897797,0.046409228858467974,0.16049382716049382,0.020658272260100627,0.896888888888889,0.006182412330330486
logistic,Full HQ,HQ + Reasoning,,D+E+F,full_hq_no_rule,oof,4500,0.29056284088603046,0.029806435233812392,0.7192827748383304,0.044628484378477815,0.25097831101991663,0.03960684095011297,0.36614294654031826,0.032592100185223544,0.16543209876543208,0.038726881830513885,0.8988888888888888,0.003912625969257551
logistic,Full HQ,HQ + Reasoning,,A+B+C+D,full_hq_no_rule,oof,4500,0.29680014787959114,0.010426673617425972,0.7186149926890668,0.047756292606758115,0.2381646090106734,0.03003585333244008,0.32685038868357336,0.01969140300149349,0.21975308641975308,0.018144368465060578,0.8886666666666667,0.004521553322083492
logistic,Full HQ,HQ + Reasoning,,A+B+C+E,full_hq_no_rule,oof,4500,0.29338269596171146,0.04019455066675918,0.6989010989010989,0.04660392599418591,0.2252283453649818,0.026404562466842047,0.31013013235250414,0.04621106711243834,0.24691358024691357,0.042047867570188635,0.882,0.009386094258641287
logistic,Full HQ,HQ + Reasoning,,A+B+C+F,full_hq_no_rule,oof,4500,0.32185960889067805,0.0473082575582889,0.7135892913670692,0.038944541534009405,0.25184520531403065,0.026501640638571352,0.395884778349955,0.08575874894597438,0.19012345679012346,0.024192491286747435,0.8995555555555554,0.0075881649239839455
logistic,Full HQ,HQ + Reasoning,,A+B+D+E,full_hq_no_rule,oof,4500,0.2993509622866066,0.033356406723206174,0.7159951159951159,0.048715111498565104,0.2309300426363045,0.03688941383383731,0.3188750720260256,0.04439262630907708,0.24444444444444446,0.023939159789710264,0.884,0.00850852876403405
logistic,Full HQ,HQ + Reasoning,,A+B+D+F,full_hq_no_rule,oof,4500,0.32697244929362385,0.055431452276895915,0.7298090112904927,0.0423476581485451,0.2668923794870478,0.031731855360876124,0.37346007426933364,0.07925773154994084,0.22469135802469137,0.03935154926051661,0.8951111111111111,0.008566371229953948
logistic,Full HQ,HQ + Reasoning,,A+B+E+F,full_hq_no_rule,oof,4500,0.30659328869106783,0.04963255225408152,0.7100137174211248,0.04223963731874359,0.2440467988380099,0.03095793706613466,0.3307150690977262,0.06573372797121875,0.2444444444444444,0.04011870817104178,0.8860000000000001,0.010366136701947217
logistic,Full HQ,HQ + Reasoning,,A+C+D+E,full_hq_no_rule,oof,4500,0.29500660166823006,0.03773411718359456,0.7231613379761528,0.046533544147605604,0.24123399135546397,0.030159458247087902,0.2809693874021776,0.038451024668362144,0.37037037037037035,0.034918853391928274,0.8571111111111109,0.012224242257311196
logistic,Full HQ,HQ + Reasoning,,A+C+D+F,full_hq_no_rule,oof,4500,0.33191618500492537,0.054293271956070546,0.7380846862328344,0.03653787246428218,0.276170679755079,0.026557171820196752,0.3890139529598102,0.08426294724558236,0.2148148148148148,0.028794824172075552,0.8975555555555556,0.0087036249011405
logistic,Full HQ,HQ + Reasoning,,A+C+E+F,full_hq_no_rule,oof,4500,0.3143024512973747,0.04390789603987979,0.718645140867363,0.03783699599260705,0.25451276432093606,0.0233485751810889,0.35931413981048893,0.0621922126887228,0.2148148148148148,0.035438765665203265,0.8939999999999999,0.007323225357015146
logistic,Full HQ,HQ + Reasoning,,A+D+E+F,full_hq_no_rule,oof,4500,0.3394841230752368,0.04040258956005285,0.7372013446087519,0.042487875270869356,0.26488983195075017,0.0286180332982339,0.3749072052981539,0.054513594570322184,0.254320987654321,0.04851082149231728,0.8940000000000001,0.006977919319158939
logistic,Full HQ,HQ + Reasoning,,B+C+D+E,full_hq_no_rule,oof,4500,0.26288031931267153,0.04834526257596335,0.6939914680655421,0.05300036016594311,0.21557726021082996,0.033906586947205795,0.3388520070317057,0.05751305562929008,0.14074074074074075,0.035438765665203265,0.898,0.004629481479111041
logistic,Full HQ,HQ + Reasoning,,B+C+D+F,full_hq_no_rule,oof,4500,0.29655519797472185,0.04685224049220837,0.7162739866443569,0.03933678006923458,0.25073819858917235,0.03554868795101934,0.36243464052287583,0.06494033085711333,0.17777777777777776,0.03872688183051388,0.897111111111111,0.006977919319158889
logistic,Full HQ,HQ + Reasoning,,B+C+E+F,full_hq_no_rule,oof,4500,0.28448353361141476,0.019872737955487687,0.6920996698774476,0.039781528454307095,0.22982393666083292,0.02726594072974913,0.34154401841708343,0.02876535783963765,0.17530864197530863,0.02858231334022278,0.894888888888889,0.004998765279645337
logistic,Full HQ,HQ + Reasoning,,B+D+E+F,full_hq_no_rule,oof,4500,0.2922957060171085,0.042120009793673585,0.7161066642548124,0.045485977106809135,0.2478617176394607,0.042021397003078755,0.363996003996004,0.060335616673701076,0.17037037037037037,0.04087147001789345,0.898,0.0054614247677531305
logistic,Full HQ,HQ + Reasoning,,C+D+E+F,full_hq_no_rule,oof,4500,0.2969377180281911,0.043565573644053404,0.7217504032318848,0.039600673248960626,0.25406720961910334,0.033733030254410226,0.3469616280119502,0.04640235547928993,0.19259259259259257,0.04458140761794515,0.8948888888888888,0.004309048762147863
logistic,Full HQ,HQ + Reasoning,,A+B+C+D+E,full_hq_no_rule,oof,4500,0.2992725420854996,0.03580912404213811,0.719211926619334,0.04694074884801216,0.23909845475771135,0.03139859472237915,0.3280801785765672,0.0412637764143618,0.22469135802469137,0.03439108216588671,0.8884444444444444,0.0066146115849498605
logistic,Full HQ,HQ + Reasoning,,A+B+C+D+F,full_hq_no_rule,oof,4500,0.32759463460612104,0.061875726728233105,0.7347533125310903,0.037569856607022264,0.2747130872620828,0.02999346218590128,0.3855258994810187,0.10055784905541328,0.21234567901234563,0.03064116949627372,0.8966666666666667,0.00971189928151652
logistic,Full HQ,HQ + Reasoning,,A+B+C+E+F,full_hq_no_rule,oof,4500,0.3252336097381208,0.05199961620891669,0.7142826994678847,0.038362190890589586,0.25115662836053104,0.026021986437047985,0.38158837241190185,0.07519108204779319,0.20987654320987653,0.03578117715108503,0.8973333333333333,0.007652966825654465
logistic,Full HQ,HQ + Reasoning,,A+B+D+E+F,full_hq_no_rule,oof,4500,0.3280626616640686,0.05427798158766863,0.733402674143415,0.043084849467694454,0.2645065344886946,0.03200980749533121,0.3527654937383477,0.06201701008803531,0.2617283950617284,0.0559791804876772,0.89,0.008225224677031892
logistic,Full HQ,HQ + Reasoning,,A+C+D+E+F,full_hq_no_rule,oof,4500,0.3271231819878114,0.053585922486119625,0.7404362441399479,0.03836628836378696,0.27484318940869196,0.027373389820337234,0.35905347711064467,0.0698158734762192,0.24691358024691357,0.04057204129667897,0.8915555555555557,0.00896082006829152
logistic,Full HQ,HQ + Reasoning,,B+C+D+E+F,full_hq_no_rule,oof,4500,0.2907148599120165,0.04186800126625243,0.7189767708286225,0.040793101836850296,0.25423711590830667,0.03836223111031792,0.31883229857238066,0.042073710661451914,0.21975308641975308,0.05143868310123372,0.8877777777777778,0.005258737584977428
logistic,Full HQ,HQ + Reasoning,,A+B+C+D+E+F,full_hq_no_rule,oof,4500,0.3283146898610502,0.06143576615007171,0.7369058924614481,0.03917548137232441,0.27266253410204994,0.029622512161906662,0.3785040648094835,0.08389523538287094,0.21975308641975308,0.040118708171041774,0.8962222222222221,0.009124651185621245
logistic,Full Mirror,HQ Only,,,full_mirror_rule,oof,4500,0.23401127958802354,0.04139887768454602,0.6649225945522241,0.049763003006067126,0.17598280264429667,0.02824842097154983,0.26054166666666667,0.06031796535398425,0.17037037037037034,0.014397412086037778,0.8797777777777778,0.010573668669662487
logistic,Full Mirror,HQ + Reasoning,,A,full_mirror_rule,oof,4500,0.2746314463374414,0.024361735752404926,0.6975233271529568,0.04621553902320937,0.19857032918141357,0.031013576028776142,0.2687616745677127,0.028723605247002886,0.3037037037037037,0.014814814814814814,0.8619999999999999,0.009823127157911272
logistic,Full Mirror,HQ + Reasoning,,B,full_mirror_rule,oof,4500,0.24574391328290054,0.050013683258717,0.6657938769049879,0.056572137861517297,0.17868674010379748,0.03201285636593871,0.30685198619895704,0.07564644679920536,0.1382716049382716,0.019753086419753086,0.8933333333333333,0.0073366995640973855
logistic,Full Mirror,HQ + Reasoning,,C,full_mirror_rule,oof,4500,0.2527525912949965,0.024926836570474196,0.6700764256319813,0.05325321735454248,0.18365580559603,0.02885742773979761,0.258164648407469,0.0276879621285892,0.2345679012345679,0.02208462199999792,0.8699999999999999,0.0072690787705760795
logistic,Full Mirror,HQ + Reasoning,,D,full_mirror_rule,oof,4500,0.2489947272523841,0.020908166638133944,0.6923875849801776,0.05342411433331352,0.19194788646960337,0.033753698922004194,0.24805016374452013,0.021858500596524357,0.254320987654321,0.026593406454985202,0.8633333333333333,0.006085806194501849
logistic,Full Mirror,HQ + Reasoning,,E,full_mirror_rule,oof,4500,0.2527853248540022,0.05920726027675622,0.6736218513996292,0.0551432489663556,0.18335501394149875,0.033659153950328154,0.2804810859876184,0.07268631059747842,0.18271604938271607,0.03349298757098898,0.8831111111111112,0.010193195503270842
logistic,Full Mirror,HQ + Reasoning,,F,full_mirror_rule,oof,4500,0.28090778569562785,0.03474923976475788,0.685548470733656,0.042296078719858125,0.19771916608596274,0.034469313231600504,0.33083416105654273,0.04891022913677806,0.17777777777777778,0.02419249128674744,0.8931111111111111,0.005854195498808644
logistic,Full Mirror,HQ + Reasoning,,A+B,full_mirror_rule,oof,4500,0.26854843655700844,0.02948153235527279,0.6943065165287386,0.04988651990181749,0.19834690509090613,0.03260962198032494,0.2724759928495073,0.036960592616161546,0.2567901234567901,0.012096245643373717,0.8702222222222222,0.009747427644205019
logistic,Full Mirror,HQ + Reasoning,,A+C,full_mirror_rule,oof,4500,0.27865932807361043,0.025091720024970114,0.7020772094846168,0.04844994751258096,0.2048506898224029,0.03171330806304788,0.29449697495628196,0.0347415386302786,0.23209876543209873,0.014397412086037778,0.8800000000000001,0.007601169500660917
logistic,Full Mirror,HQ + Reasoning,,A+D,full_mirror_rule,oof,4500,0.28278391614207,0.04054954003997473,0.7171332097258023,0.04825933524515996,0.21154961839514871,0.035188613851579585,0.2668729364563882,0.039550168153019816,0.37283950617283945,0.049629015412942665,0.8508888888888888,0.011640711869963355
logistic,Full Mirror,HQ + Reasoning,,A+E,full_mirror_rule,oof,4500,0.28067109540019997,0.04218459681937428,0.700952682434164,0.04852791618497783,0.20297457214224174,0.033383315211406125,0.28665986134115795,0.048931654201183436,0.26172839506172835,0.02518034327700141,0.8735555555555555,0.011704172517567715
logistic,Full Mirror,HQ + Reasoning,,A+F,full_mirror_rule,oof,4500,0.30845596335509884,0.05622929716565438,0.7102684695277288,0.0422599119875149,0.21576255655649773,0.033392747975358884,0.32287697847001035,0.06592454447898535,0.2641975308641975,0.037119250316970144,0.8828888888888888,0.010624918300339474
logistic,Full Mirror,HQ + Reasoning,,B+C,full_mirror_rule,oof,4500,0.25549778916921567,0.03940678815411294,0.668305220157072,0.05617174317096063,0.18367159227247823,0.030697875822447318,0.2748019835286389,0.043712525050856155,0.2,0.029629629629629627,0.8802222222222221,0.00689963319833776
logistic,Full Mirror,HQ + Reasoning,,B+D,full_mirror_rule,oof,4500,0.26264224605554637,0.030085901001233453,0.6887984443539998,0.05638201658209001,0.19121296032447993,0.03727257117811416,0.27133109781297565,0.0353021535294321,0.2345679012345679,0.02208462199999792,0.8737777777777778,0.007875575620741966
logistic,Full Mirror,HQ + Reasoning,,B+E,full_mirror_rule,oof,4500,0.24388255277461526,0.030774181072492808,0.6703477592366481,0.05650807085032659,0.18219772843065132,0.034629417552012536,0.24591250670960818,0.03731519533290672,0.23950617283950618,0.021525426881682335,0.8642222222222223,0.01026560841106765
logistic,Full Mirror,HQ + Reasoning,,B+F,full_mirror_rule,oof,4500,0.2897205073038546,0.05307129524330549,0.6835978835978835,0.04567266766002218,0.19851478733870337,0.036366205057685855,0.30544385035771904,0.059341894747563545,0.2419753086419753,0.041756875371080894,0.8817777777777778,0.009124651185621252
logistic,Full Mirror,HQ + Reasoning,,C+D,full_mirror_rule,oof,4500,0.2663742563849569,0.038020084292993944,0.6954626991664028,0.051958344238578424,0.1959422215356264,0.03228326282904808,0.2848120151034243,0.043257600694905765,0.21234567901234563,0.026363156177855087,0.8806666666666667,0.007456871882472244
logistic,Full Mirror,HQ + Reasoning,,C+E,full_mirror_rule,oof,4500,0.2611301527554265,0.039795732200381885,0.6742911409578076,0.055326651324262746,0.1867630663080299,0.031111389307390155,0.3088760630731515,0.05304563691635308,0.16296296296296292,0.023939159789710264,0.8913333333333332,0.006261779023824595
logistic,Full Mirror,HQ + Reasoning,,C+F,full_mirror_rule,oof,4500,0.28711618991785026,0.04186278907455806,0.6929136706914484,0.0401922634511814,0.2025317896532616,0.03247709663554981,0.3131505183269889,0.04907528837789358,0.21728395061728395,0.030839496288387152,0.8862222222222222,0.007456871882472222
logistic,Full Mirror,HQ + Reasoning,,D+E,full_mirror_rule,oof,4500,0.2602512977930615,0.05112075526753021,0.6949155097303243,0.05519857804628285,0.19466452875345336,0.03816260688237874,0.2974661742954426,0.06524168832983138,0.17530864197530863,0.028582313340222782,0.8875555555555555,0.008899993064222542
logistic,Full Mirror,HQ + Reasoning,,D+F,full_mirror_rule,oof,4500,0.3100025503539624,0.05815541077948622,0.7144560514930886,0.0434149285127098,0.21354458286390088,0.03539641265074878,0.36390189520624305,0.07793786867498273,0.19753086419753085,0.03403468827676598,0.8959999999999999,0.007875575620741943
logistic,Full Mirror,HQ + Reasoning,,E+F,full_mirror_rule,oof,4500,0.29427922876916895,0.0463315968034741,0.6911650763502616,0.04460022664694248,0.20184771361685225,0.035230196997201244,0.3216991341991342,0.05518701366761508,0.22222222222222224,0.03491885339192827,0.8873333333333333,0.007812620369443099
logistic,Full Mirror,HQ + Reasoning,,A+B+C,full_mirror_rule,oof,4500,0.2816213985094532,0.02884281719703098,0.6982664797479613,0.051043999798829225,0.20447697875871143,0.03272526071134553,0.28260064170089694,0.03622652356875964,0.2814814814814814,0.014397412086037778,0.8697777777777776,0.010241527663824829
logistic,Full Mirror,HQ + Reasoning,,A+B+D,full_mirror_rule,oof,4500,0.27974086742354587,0.04213859741181894,0.7132260058185984,0.04983688281480382,0.21057122746658008,0.03702347272269493,0.2640985120762681,0.04176881482940239,0.36790123456790125,0.04375319789301074,0.85,0.012881223774390606
logistic,Full Mirror,HQ + Reasoning,,A+B+E,full_mirror_rule,oof,4500,0.2794260382383792,0.041867258385078085,0.6968766487285005,0.048978172346443485,0.20183551115121884,0.0342283307703621,0.28982338057680523,0.04922594627492282,0.24691358024691357,0.028152479632077478,0.8766666666666667,0.010255982897079408
logistic,Full Mirror,HQ + Reasoning,,A+B+F,full_mirror_rule,oof,4500,0.30803347848130996,0.05309412150837476,0.7073260073260074,0.04395087876095244,0.21459978294650991,0.03452866594672334,0.32138251697075226,0.06431204998633595,0.26666666666666666,0.026593406454985206,0.882,0.0109409187778588
logistic,Full Mirror,HQ + Reasoning,,A+C+D,full_mirror_rule,oof,4500,0.2893628829122826,0.04132596518031201,0.7220744961485703,0.047324943256852485,0.21552881185012845,0.034823387703191606,0.2821321392808185,0.043196568212654815,0.3234567901234568,0.03257013816857511,0.8642222222222223,0.011053182324840786
logistic,Full Mirror,HQ + Reasoning,,A+C+E,full_mirror_rule,oof,4500,0.290380754554809,0.045178135034872426,0.7037353592909149,0.049072115447244276,0.20745411383452467,0.03213049331498831,0.2989726025719235,0.04936328370242066,0.2617283950617284,0.03612034281068591,0.8777777777777779,0.009162456945817018
logistic,Full Mirror,HQ + Reasoning,,A+C+F,full_mirror_rule,oof,4500,0.31448921571881583,0.06339366786964296,0.7183210479506775,0.040356724545503146,0.22035219664456623,0.034253803723312715,0.33337060097994453,0.0769206735178704,0.25925925925925924,0.03578117715108503,0.8853333333333333,0.011448219442125575
logistic,Full Mirror,HQ + Reasoning,,A+D+E,full_mirror_rule,oof,4500,0.2877839449959714,0.030942236908087666,0.7191923303034414,0.04949917836327031,0.2137439509321632,0.03788120571396618,0.29323880703627536,0.036496237980743154,0.2691358024691358,0.01439741208603778,0.8751111111111112,0.008213208272256137
logistic,Full Mirror,HQ + Reasoning,,A+D+F,full_mirror_rule,oof,4500,0.33111038309724034,0.046338521999396,0.7328735736143144,0.04244656348108527,0.22990379437662178,0.03365893037170871,0.34393591104597326,0.0520175983292636,0.291358024691358,0.04319223625811334,0.8857777777777777,0.00829695764559756
logistic,Full Mirror,HQ + Reasoning,,A+E+F,full_mirror_rule,oof,4500,0.31352965299064384,0.0401717999639318,0.7148962148962148,0.04374204009727712,0.21789413090667625,0.0340907962360177,0.32842000156230367,0.0466046330232341,0.26666666666666666,0.027715980642769936,0.8844444444444445,0.007535922203472493
logistic,Full Mirror,HQ + Reasoning,,B+C+D,full_mirror_rule,oof,4500,0.2682692929772182,0.030790282315798365,0.692417733158474,0.05417278575781217,0.1951160075218512,0.03531796096150506,0.2737276600781157,0.032450569435807805,0.24938271604938272,0.02858231334022278,0.8726666666666667,0.006834913999657637
logistic,Full Mirror,HQ + Reasoning,,B+C+E,full_mirror_rule,oof,4500,0.25824357332184095,0.045666529597954246,0.6710532266087822,0.05608527766556821,0.18578037372029527,0.03226786230723255,0.27537135749822317,0.05123926994073193,0.2074074074074074,0.03257013816857511,0.8791111111111111,0.00802465337123012
logistic,Full Mirror,HQ + Reasoning,,B+C+F,full_mirror_rule,oof,4500,0.29062156822319485,0.04700862270946345,0.6914786174045433,0.04240375519483091,0.20256763720312027,0.034277323049378264,0.3441488848963653,0.06165720189679388,0.18024691358024691,0.02542130899009136,0.8948888888888888,0.0063867146058666354
logistic,Full Mirror,HQ + Reasoning,,B+D+E,full_mirror_rule,oof,4500,0.2605509926917163,0.050441765551793714,0.6919278252611585,0.05613205627202422,0.19326083646898992,0.03931090088644047,0.29413945598640334,0.06452726823837467,0.18024691358024691,0.02542130899009136,0.8862222222222222,0.009178611745805948
logistic,Full Mirror,HQ + Reasoning,,B+D+F,full_mirror_rule,oof,4500,0.30290709167868035,0.04777316321701987,0.7114457558902003,0.045372536178988114,0.21239375765578394,0.037639629542651216,0.3248035154263736,0.057481407307944425,0.2419753086419753,0.037119250316970144,0.8857777777777777,0.008760179264189781
logistic,Full Mirror,HQ + Reasoning,,B+E+F,full_mirror_rule,oof,4500,0.2959670218592029,0.03811942066141155,0.6879588175884472,0.04578796947294714,0.20087570620238188,0.03613548239705664,0.3186382599598544,0.04564469528388655,0.23209876543209873,0.027495132655950723,0.8857777777777777,0.006899633198337793
logistic,Full Mirror,HQ + Reasoning,,C+D+E,full_mirror_rule,oof,4500,0.2712400064945846,0.03375142086348488,0.6977313495832014,0.05315830669936126,0.19767601796382944,0.034805794995503694,0.33002747843173375,0.052687391123959135,0.16049382716049382,0.017459426695964134,0.8944444444444445,0.005879447357921342
logistic,Full Mirror,HQ + Reasoning,,C+D+F,full_mirror_rule,oof,4500,0.2986698948604137,0.05514912197386864,0.7198812161775124,0.03984415385449315,0.21755083489414906,0.03369150388949812,0.32801542135576106,0.06320026237185859,0.22222222222222218,0.04131654452020126,0.8886666666666667,0.008473633762194498
logistic,Full Mirror,HQ + Reasoning,,C+E+F,full_mirror_rule,oof,4500,0.294142330019531,0.03838489098262096,0.696750026379656,0.04262497275106971,0.2051581320016246,0.03355479121397088,0.32527753676676896,0.04599951836003647,0.2148148148148148,0.029834681416282892,0.888888888888889,0.00640216012928354
logistic,Full Mirror,HQ + Reasoning,,D+E+F,full_mirror_rule,oof,4500,0.306234968744621,0.044962812795868175,0.7187506594914002,0.045437458779585084,0.21584361160339602,0.03642177702880312,0.3615851468792645,0.06347703847560097,0.1925925925925926,0.02542130899009136,0.8960000000000001,0.007048334012068307
logistic,Full Mirror,HQ + Reasoning,,A+B+C+D,full_mirror_rule,oof,4500,0.2868081986038703,0.02117114757061924,0.7181220699739218,0.048919520938390255,0.21439862513096145,0.036586355963872344,0.2975069388485988,0.027365022637241956,0.2518518518518519,0.006048122821686859,0.8786666666666667,0.0059793884653661
logistic,Full Mirror,HQ + Reasoning,,A+B+C+E,full_mirror_rule,oof,4500,0.2897672021586434,0.04048563582269048,0.7001115482596965,0.04968161550425041,0.20667281963529965,0.03316922031982186,0.29321673656249037,0.04496962158237143,0.27901234567901234,0.03275678805289284,0.8737777777777778,0.009903235535625412
logistic,Full Mirror,HQ + Reasoning,,A+B+C+F,full_mirror_rule,oof,4500,0.31708031512293106,0.046826754134372116,0.7151313706869262,0.04257005094972142,0.21899678211394855,0.034697651444271144,0.3447911700831612,0.05986305957941171,0.2419753086419753,0.02419249128674744,0.8895555555555555,0.00836217232098969
logistic,Full Mirror,HQ + Reasoning,,A+B+D+E,full_mirror_rule,oof,4500,0.28781133637536765,0.029717860678088757,0.7158308084234012,0.050161463708256235,0.21265280468683706,0.03860259192016734,0.2935155644833064,0.03615652723159475,0.2691358024691358,0.01637839402644642,0.8751111111111112,0.008332592559667847
logistic,Full Mirror,HQ + Reasoning,,A+B+D+F,full_mirror_rule,oof,4500,0.3287577329298802,0.052137698997212066,0.7295090369164443,0.04306531416018328,0.2282525374959976,0.03507775493537346,0.34607828498239457,0.06305793157215135,0.27654320987654324,0.031812589448704014,0.8868888888888888,0.009823127157911254
logistic,Full Mirror,HQ + Reasoning,,A+B+E+F,full_mirror_rule,oof,4500,0.31030960244138306,0.04901141610074687,0.7110372480742851,0.04429887186234688,0.21722600147490115,0.03539486300308858,0.3198477564831613,0.05475563073658331,0.2790123456790123,0.03793158394009189,0.8811111111111112,0.00934919287465005
logistic,Full Mirror,HQ + Reasoning,,A+C+D+E,full_mirror_rule,oof,4500,0.2887556009691796,0.03713751684722895,0.7225417929121634,0.04853672245911452,0.21672905353441418,0.03597734710209012,0.30694409884163204,0.044048358886278546,0.2345679012345679,0.023424278964210215,0.8828888888888888,0.007456871882472228
logistic,Full Mirror,HQ + Reasoning,,A+C+D+F,full_mirror_rule,oof,4500,0.330408078010069,0.04889301826730558,0.7383816457890531,0.038877516078591814,0.23294835133174524,0.03280103089960777,0.35110551261888706,0.05922465866655593,0.26913580246913577,0.027495132655950723,0.8886666666666667,0.008982836858403441
logistic,Full Mirror,HQ + Reasoning,,A+C+E+F,full_mirror_rule,oof,4500,0.3161629331185313,0.04203557625684466,0.7203500203500204,0.04205234554777442,0.22149444354461778,0.03298614889337746,0.332175713776135,0.04828998602984002,0.26666666666666666,0.031812589448704014,0.8853333333333333,0.007483314773547901
logistic,Full Mirror,HQ + Reasoning,,A+D+E+F,full_mirror_rule,oof,4500,0.3394584849082841,0.04256387303859615,0.7363888512036662,0.044163819729912096,0.23091904707827576,0.03493980561758299,0.3508778563906674,0.049099172696442435,0.30370370370370364,0.03950617283950617,0.8862222222222222,0.00821320827225615
logistic,Full Mirror,HQ + Reasoning,,B+C+D+E,full_mirror_rule,oof,4500,0.2740845425554184,0.04275524819492888,0.6947677836566726,0.054482170448114105,0.19663038813781678,0.03653273370042005,0.3102109829439022,0.050504249542594984,0.1876543209876543,0.02858231334022278,0.889111111111111,0.006102013430109316
logistic,Full Mirror,HQ + Reasoning,,B+C+D+F,full_mirror_rule,oof,4500,0.30111725495216674,0.04952391060002334,0.7172281764874358,0.04117833428434597,0.21588132942796037,0.036177540855673304,0.3301051551930776,0.060605666431815704,0.22469135802469134,0.03064116949627372,0.8884444444444444,0.008680899993166489
logistic,Full Mirror,HQ + Reasoning,,B+C+E+F,full_mirror_rule,oof,4500,0.29260470359015855,0.045608070165526815,0.6942266238562536,0.04364265003945258,0.20426261402226284,0.03426840622031872,0.33771787054463454,0.05795426707634775,0.1925925925925926,0.02879482417207556,0.8928888888888891,0.006762277357645757
logistic,Full Mirror,HQ + Reasoning,,B+D+E+F,full_mirror_rule,oof,4500,0.30556025808736903,0.047832229555835264,0.7160418456714753,0.04638491715385462,0.2140468279214054,0.03756563062293551,0.33757666424717114,0.05897012020944618,0.22469135802469137,0.03612034281068591,0.89,0.007601169500660939
logistic,Full Mirror,HQ + Reasoning,,C+D+E+F,full_mirror_rule,oof,4500,0.30372376802698225,0.047952984381586516,0.7225508373656522,0.04196908496256776,0.21878510461424555,0.0346285612282861,0.32524396760800756,0.051549067487394934,0.2419753086419753,0.04319223625811333,0.8866666666666667,0.0064406118871952935
logistic,Full Mirror,HQ + Reasoning,,A+B+C+D+E,full_mirror_rule,oof,4500,0.29881254084819686,0.03934097564310645,0.7190446042297894,0.0489731340031844,0.21589914790786463,0.03683285844602199,0.32481863828320784,0.04899708074692876,0.22716049382716053,0.01847732042851329,0.8873333333333333,0.007356864603220825
logistic,Full Mirror,HQ + Reasoning,,A+B+C+D+F,full_mirror_rule,oof,4500,0.3254700497875299,0.05328784391989226,0.7351678499826648,0.03979583048340748,0.23064069184482144,0.034520932154515294,0.34214608920491274,0.06390564979825418,0.274074074074074,0.027495132655950726,0.8862222222222222,0.0101737983486752
logistic,Full Mirror,HQ + Reasoning,,A+B+C+E+F,full_mirror_rule,oof,4500,0.3217495486962394,0.04773924994626528,0.716488038710261,0.04272658456301958,0.22083880998169758,0.03479095332553766,0.3421186589801718,0.05559058818178972,0.26172839506172835,0.03439108216588671,0.8877777777777778,0.008043093809268376
logistic,Full Mirror,HQ + Reasoning,,A+B+D+E+F,full_mirror_rule,oof,4500,0.3323413853356338,0.049572698539519754,0.733015270052307,0.04470887018412369,0.22985830550302305,0.03670347406930617,0.3388455803460532,0.05393769715447033,0.31111111111111106,0.04579564689133681,0.8828888888888888,0.009469900334516695
logistic,Full Mirror,HQ + Reasoning,,A+C+D+E+F,full_mirror_rule,oof,4500,0.32654469442862694,0.04885456041529588,0.7405523146263887,0.04120929060820194,0.23345940901674314,0.0334890686777643,0.33486108162751005,0.05448198953412427,0.29876543209876544,0.03695464085702658,0.8828888888888888,0.009365025558091319
logistic,Full Mirror,HQ + Reasoning,,B+C+D+E+F,full_mirror_rule,oof,4500,0.3040855584544905,0.04769479765303941,0.7202173683655165,0.043146548805876844,0.21702000846543493,0.036162065403603456,0.3357492090882945,0.05328668534106009,0.22222222222222224,0.0382516873699498,0.8904444444444444,0.005987641593469981
logistic,Full Mirror,HQ + Reasoning,,A+B+C+D+E+F,full_mirror_rule,oof,4500,0.32939809328753716,0.054206249150500735,0.7375586005215635,0.04201768882080655,0.23287614175491322,0.03505774232237907,0.3465088144702674,0.06214073538914373,0.2765432098765432,0.03711925031697014,0.8873333333333333,0.009417608933518727
xgboost,Full HQ,HQ Only,,,full_hq_no_rule,oof,4500,0.2286440751453688,0.026026300084333542,0.6699558329187958,0.0501637341961266,0.18341783992894647,0.03412384073700303,0.2369632683658171,0.027815377376688377,0.2024691358024691,0.028794824172075555,0.8693333333333333,0.006688851974796644
xgboost,Full HQ,HQ + Reasoning,,A,full_hq_no_rule,oof,4500,0.27507431418927053,0.05039936007931274,0.710282036207962,0.04954147028583782,0.21859865939721201,0.03529656528768573,0.27585578396779226,0.0548376510949511,0.274074074074074,0.038569134202008165,0.8686666666666667,0.012460307350112164
xgboost,Full HQ,HQ + Reasoning,,B,full_hq_no_rule,oof,4500,0.22984075141818772,0.0267474410145438,0.6723797464538206,0.05532238465476756,0.18497536697589734,0.03487178583465618,0.22565770263727308,0.02550240707573023,0.24938271604938267,0.03612034281068591,0.8555555555555555,0.0061664164113385085
xgboost,Full HQ,HQ + Reasoning,,C,full_hq_no_rule,oof,4500,0.2353042990569553,0.03700395506163533,0.6774868478572182,0.05372156936028626,0.19009537394147968,0.0378294224780365,0.23576814487850323,0.03679277899434018,0.23456790123456792,0.04057204129667897,0.8626666666666667,0.007749153677405629
xgboost,Full HQ,HQ + Reasoning,,D,full_hq_no_rule,oof,4500,0.2378768786761601,0.03318834206692123,0.6763909615761469,0.050152983950014524,0.19191059610187922,0.03754999881923076,0.23285157919571212,0.032857077513900566,0.2617283950617284,0.03935154926051661,0.8557777777777777,0.008444444444444452
xgboost,Full HQ,HQ + Reasoning,,E,full_hq_no_rule,oof,4500,0.23211104728592646,0.036265272301044774,0.6771371289889808,0.04951314803446565,0.19364030983119349,0.04685448729326578,0.2297608858100883,0.038842027879840986,0.2444444444444444,0.03162036660460665,0.8571111111111112,0.011979406197283157
xgboost,Full HQ,HQ + Reasoning,,F,full_hq_no_rule,oof,4500,0.2725428286562126,0.023590800726595043,0.7012164789942568,0.0483351215038855,0.21130652935631336,0.025864071477038477,0.29223827231171545,0.037055916875229314,0.21975308641975308,0.019753086419753086,0.8806666666666667,0.008765814632584914
xgboost,Full HQ,HQ + Reasoning,,A+B,full_hq_no_rule,oof,4500,0.2728896539759965,0.032273010228064426,0.7108427923242738,0.05328131429861799,0.2195505702022255,0.03513427849227739,0.2629349788216783,0.031814190797286666,0.32345679012345674,0.04305085376336467,0.8573333333333334,0.008332592559667848
xgboost,Full HQ,HQ + Reasoning,,A+C,full_hq_no_rule,oof,4500,0.27679975430185966,0.05154394694778714,0.7113100890878667,0.05163161721750411,0.21745417211559284,0.03446249195503959,0.27804137236321363,0.056569558420447544,0.274074074074074,0.03777051491550211,0.8693333333333333,0.012424587331995009
xgboost,Full HQ,HQ + Reasoning,,A+D,full_hq_no_rule,oof,4500,0.27624053467830895,0.049650269742273656,0.7123306049231976,0.052192898284948046,0.22057919537748588,0.033953894033415664,0.28284060342886425,0.05604011278146997,0.254320987654321,0.03275678805289284,0.8737777777777775,0.010900220860827307
xgboost,Full HQ,HQ + Reasoning,,A+E,full_hq_no_rule,oof,4500,0.28735796653741835,0.046550073687927185,0.7107644070607033,0.049789590359619385,0.2225940875482339,0.039580702339569715,0.2863054011502535,0.053629141281897004,0.2962962962962963,0.03219359212445752,0.8684444444444445,0.013139329332528446
xgboost,Full HQ,HQ + Reasoning,,A+F,full_hq_no_rule,oof,4500,0.29314381829519276,0.03177446112454677,0.7253485883115512,0.04782213655591376,0.2380928810779491,0.026995383628379083,0.2969020327323763,0.037307105194422825,0.28395061728395066,0.03662320240541068,0.8742222222222222,0.009412363815354388
xgboost,Full HQ,HQ + Reasoning,,B+C,full_hq_no_rule,oof,4500,0.23475449914267238,0.03511001312503426,0.6755030977253199,0.05556139164757244,0.18952179178165282,0.03883916071887456,0.23453167825184468,0.03436727521140805,0.23703703703703707,0.041610616163833866,0.8617777777777776,0.0073232253570151675
xgboost,Full HQ,HQ + Reasoning,,B+D,full_hq_no_rule,oof,4500,0.2390296019024,0.03686188151052974,0.6746468894617044,0.053593123368595785,0.19119126692584423,0.03964756986465682,0.235180523942085,0.03608614819321335,0.2567901234567901,0.04375319789301074,0.858,0.007742778395637474
xgboost,Full HQ,HQ + Reasoning,,B+E,full_hq_no_rule,oof,4500,0.23074880154280758,0.03240175700458467,0.6746634709597672,0.05235387585590373,0.19030997300316538,0.0420189222126236,0.22410992677047722,0.032180451566168326,0.2641975308641975,0.041756875371080894,0.8511111111111112,0.009913203565864637
xgboost,Full HQ,HQ + Reasoning,,B+F,full_hq_no_rule,oof,4500,0.25943963099006245,0.020996770579739622,0.6999231221453444,0.0486637855866172,0.20890547221355096,0.02700801176382413,0.2712622820217757,0.028098394068325667,0.22469135802469134,0.022630003431880694,0.8751111111111112,0.00812251861444313
xgboost,Full HQ,HQ + Reasoning,,C+D,full_hq_no_rule,oof,4500,0.23861543675480487,0.03274055809703139,0.6788827085123381,0.052313058994397664,0.19237625662581734,0.03905250843856345,0.2221830662775545,0.030931314874410306,0.3407407407407407,0.05036068655400281,0.8331111111111109,0.010827491302293185
xgboost,Full HQ,HQ + Reasoning,,C+E,full_hq_no_rule,oof,4500,0.23688484813914434,0.03896206405022716,0.6779842927991077,0.05313981324893033,0.19547149334610162,0.04369889710171333,0.23345176926298442,0.038465928987633846,0.254320987654321,0.04851082149231728,0.8575555555555555,0.01002219758558196
xgboost,Full HQ,HQ + Reasoning,,C+F,full_hq_no_rule,oof,4500,0.2617303155423752,0.020045376339831788,0.7009104749845491,0.049499310249428004,0.2099428438454721,0.027349890451614633,0.25400709523771325,0.023400853972180592,0.30123456790123454,0.022897823445668406,0.8566666666666667,0.009838197164968284
xgboost,Full HQ,HQ + Reasoning,,D+E,full_hq_no_rule,oof,4500,0.23810057113813218,0.026115162948631143,0.6772471698397624,0.05109060912679274,0.19806863432403965,0.047876105438333975,0.23485817224070232,0.027519185426622354,0.254320987654321,0.029834681416282892,0.8577777777777778,0.009242948596926853
xgboost,Full HQ,HQ + Reasoning,,D+F,full_hq_no_rule,oof,4500,0.2647279802833359,0.022860124920238787,0.701756131385761,0.046735481857055235,0.20989863424706812,0.026839194992792904,0.2767303665020961,0.030389190054301542,0.22962962962962963,0.022897823445668406,0.8757777777777779,0.008444444444444418
xgboost,Full HQ,HQ + Reasoning,,E+F,full_hq_no_rule,oof,4500,0.2671963140361154,0.03275876714496575,0.702692232321862,0.049220311757569433,0.21135684077350342,0.030030909957101216,0.2824561688311688,0.041326015716704835,0.22469135802469134,0.03064116949627372,0.8777777777777777,0.009558139185602929
xgboost,Full HQ,HQ + Reasoning,,A+B+C,full_hq_no_rule,oof,4500,0.27488316118257006,0.04814403407611445,0.7117788932603747,0.05221140791075725,0.2184069142893291,0.03415446885307476,0.280277613950333,0.052966089029433075,0.2567901234567901,0.03612034281068591,0.8728888888888889,0.010624918300339493
xgboost,Full HQ,HQ + Reasoning,,A+B+D,full_hq_no_rule,oof,4500,0.2778771012657396,0.04414949439189976,0.7098674987563877,0.05336791367730229,0.2178005211249998,0.03512241533557668,0.2796560199346577,0.04946101423299524,0.274074074074074,0.03612034281068591,0.8699999999999999,0.011265592760565848
xgboost,Full HQ,HQ + Reasoning,,A+B+E,full_hq_no_rule,oof,4500,0.279796222073698,0.041439453343111624,0.711317626132441,0.051005960787557335,0.22238758726699187,0.03931205418449517,0.27773253667083064,0.046149892242344226,0.29135802469135796,0.03275678805289284,0.8668888888888888,0.011230470016438468
xgboost,Full HQ,HQ + Reasoning,,A+B+F,full_hq_no_rule,oof,4500,0.2892866519891902,0.04005636750530443,0.725383258716592,0.04869157544946272,0.2366878183583836,0.027476115312964493,0.2838356973995272,0.044687847338975024,0.31851851851851853,0.04011870817104178,0.8651111111111112,0.01195877693073218
xgboost,Full HQ,HQ + Reasoning,,A+C+D,full_hq_no_rule,oof,4500,0.27651619812251543,0.04176317309215989,0.7118165784832452,0.05110352678857691,0.21970927377359933,0.034977711271979496,0.27382252226879694,0.04665919188828109,0.29135802469135796,0.03275678805289284,0.8653333333333334,0.012159434684715078
xgboost,Full HQ,HQ + Reasoning,,A+C+E,full_hq_no_rule,oof,4500,0.2885177571244668,0.038990060384741294,0.7113749076712039,0.050835564529216504,0.2220269133867791,0.037205308762327735,0.28735232211095835,0.04376837680812523,0.2962962962962963,0.03219359212445752,0.8695555555555556,0.010413666234542176
xgboost,Full HQ,HQ + Reasoning,,A+C+F,full_hq_no_rule,oof,4500,0.29263385951438237,0.0363656423161304,0.725366677218529,0.048732051623966065,0.23785239919075157,0.029420322320335503,0.29865611155712374,0.04127136880329449,0.274074074074074,0.0352663132273721,0.876,0.009258962958222055
xgboost,Full HQ,HQ + Reasoning,,A+D+E,full_hq_no_rule,oof,4500,0.2802224803529768,0.03804980051443549,0.71153017078943,0.05034476840234926,0.22340679292289517,0.03969124657547724,0.27816481258339343,0.042692933639891816,0.291358024691358,0.027715980642769936,0.8671111111111112,0.010671295292038212
xgboost,Full HQ,HQ + Reasoning,,A+D+F,full_hq_no_rule,oof,4500,0.288394289377741,0.04046019510351466,0.72527623268364,0.04874304551649873,0.23705905634974914,0.02818034145445055,0.2828010154097111,0.04523459288059202,0.3185185185185185,0.04011870817104178,0.8646666666666667,0.012240390536818132
xgboost,Full HQ,HQ + Reasoning,,A+E+F,full_hq_no_rule,oof,4500,0.3009102620083067,0.03887943248139482,0.7251435806991362,0.04893724155981151,0.23907694281494557,0.03365983138164448,0.31495441544888897,0.04646264859271255,0.25925925925925924,0.03578117715108503,0.8817777777777778,0.008933222774329687
xgboost,Full HQ,HQ + Reasoning,,B+C+D,full_hq_no_rule,oof,4500,0.24083127095117032,0.032999443746974055,0.6771235623087474,0.05401156274492022,0.19231321275590077,0.03971428904723105,0.22424945810177296,0.031585799499312395,0.34320987654320984,0.04375319789301074,0.8335555555555556,0.01131807251399721
xgboost,Full HQ,HQ + Reasoning,,B+C+E,full_hq_no_rule,oof,4500,0.23586610926265497,0.039171516395569275,0.6758980388610019,0.05158386287022984,0.19233987063453512,0.04181005696529429,0.23005217143026715,0.039066826737529356,0.2641975308641975,0.04458140761794516,0.8537777777777776,0.010671295292038207
xgboost,Full HQ,HQ + Reasoning,,B+C+F,full_hq_no_rule,oof,4500,0.2629451173660947,0.022056749372601842,0.6998507665174333,0.04928244481035892,0.20836363124128568,0.027332176260659615,0.2816666666666666,0.029689753813083083,0.2123456790123457,0.026363156177855087,0.8795555555555555,0.008183090062009754
xgboost,Full HQ,HQ + Reasoning,,B+D+E,full_hq_no_rule,oof,4500,0.236233667337727,0.02492728853289861,0.6771069808106844,0.050319553795569745,0.19532105119098264,0.044144663205527596,0.23350011034774693,0.025868163915054802,0.24938271604938267,0.028582313340222775,0.8584444444444446,0.007456871882472224
xgboost,Full HQ,HQ + Reasoning,,B+D+F,full_hq_no_rule,oof,4500,0.2633161993954637,0.02327931724757531,0.7003090188275374,0.04825245194381383,0.208620589493025,0.027773970172409082,0.29031228729341935,0.034385624928462186,0.1950617283950617,0.01637839402644642,0.8837777777777778,0.007423685817106713
xgboost,Full HQ,HQ + Reasoning,,B+E+F,full_hq_no_rule,oof,4500,0.2669728710377829,0.029789739091714493,0.7009330861182713,0.04880734540175066,0.21141839928359443,0.03161673140718929,0.28100914958057815,0.03546405894396574,0.22716049382716047,0.031812589448704014,0.8773333333333333,0.009043106644167007
xgboost,Full HQ,HQ + Reasoning,,C+D+E,full_hq_no_rule,oof,4500,0.2399529732978097,0.029464945577848088,0.6785767045026304,0.05133326374479973,0.1962306305570146,0.04574407003323058,0.23301878082127675,0.028793507490848604,0.274074074074074,0.03856913420200817,0.8533333333333335,0.008461970117626564
xgboost,Full HQ,HQ + Reasoning,,C+D+F,full_hq_no_rule,oof,4500,0.25837702023462883,0.022100932419337627,0.7015043940969866,0.048341515374035096,0.2086767953666345,0.02781494238731484,0.2647397953563698,0.027893249024998318,0.23950617283950618,0.024192491286747435,0.8708888888888889,0.00861809752429571
xgboost,Full HQ,HQ + Reasoning,,C+E+F,full_hq_no_rule,oof,4500,0.2651511374121257,0.03598293041950021,0.7018752166900315,0.048903063847356994,0.2145957417196967,0.03591426482992637,0.2819440392024838,0.04519412590619057,0.21975308641975308,0.03349298757098898,0.8782222222222222,0.009903235535625412
xgboost,Full HQ,HQ + Reasoning,,D+E+F,full_hq_no_rule,oof,4500,0.2653656905443407,0.02731270409652138,0.7029424622017213,0.048184843873238896,0.2111126600836887,0.03144792665943792,0.2736439898956999,0.032408925977067675,0.2419753086419753,0.03367452270860705,0.873111111111111,0.009696632990787286
xgboost,Full HQ,HQ + Reasoning,,A+B+C+D,full_hq_no_rule,oof,4500,0.27566120630173885,0.03521847244994886,0.7109890109890109,0.05163898458625772,0.21797953341498372,0.034592020681170066,0.2717982149265413,0.03778163912597736,0.2938271604938271,0.029629629629629627,0.8648888888888889,0.009547800470640341
xgboost,Full HQ,HQ + Reasoning,,A+B+C+E,full_hq_no_rule,oof,4500,0.2792243001072056,0.051335431806748516,0.7117140746770376,0.05135594181761187,0.2234764176469771,0.0402777653621188,0.2837034632034632,0.05674768101858976,0.2641975308641975,0.036288736930121156,0.8726666666666667,0.011474071683044963
xgboost,Full HQ,HQ + Reasoning,,A+B+C+F,full_hq_no_rule,oof,4500,0.3025784259649774,0.05091767367544125,0.7261173668581076,0.04947618320965405,0.23617220565855282,0.02617360194792454,0.3343390034700794,0.06910698664110163,0.22222222222222224,0.02208462199999792,0.888888888888889,0.009375565826546214
xgboost,Full HQ,HQ + Reasoning,,A+B+D+E,full_hq_no_rule,oof,4500,0.2802628170816196,0.04278437080374312,0.7089133089133088,0.050436781947218956,0.22171509855649485,0.039700556643558094,0.2785964294103829,0.04614488404433452,0.28888888888888886,0.0345679012345679,0.8677777777777778,0.010795518045769871
xgboost,Full HQ,HQ + Reasoning,,A+B+D+F,full_hq_no_rule,oof,4500,0.29106505984466124,0.03334091269557802,0.7248436063250877,0.04902683587181501,0.23825989851022927,0.030098237525558208,0.29142582087984387,0.037967166580623,0.2938271604938271,0.03612034281068591,0.8713333333333333,0.009671135620883984
xgboost,Full HQ,HQ + Reasoning,,A+B+E+F,full_hq_no_rule,oof,4500,0.3009010400186763,0.033307124960620466,0.7259214036991815,0.049500336865340305,0.23897978391165425,0.03068351538309619,0.3155476327469998,0.039832394545189546,0.2567901234567901,0.03162036660460665,0.8824444444444444,0.007350149070462753
xgboost,Full HQ,HQ + Reasoning,,A+C+D+E,full_hq_no_rule,oof,4500,0.28004719339871353,0.04796096848405124,0.7115120818824522,0.05072184005744638,0.2231350849216593,0.03962423695192295,0.2841596703253638,0.053563861213543756,0.26666666666666666,0.03367452270860705,0.8724444444444444,0.01118641150991397
xgboost,Full HQ,HQ + Reasoning,,A+C+D+F,full_hq_no_rule,oof,4500,0.29318059839555366,0.03504703476144648,0.7257601109452961,0.049993848458623494,0.23558803955455643,0.026782983802244597,0.2926596714581909,0.038055031693418714,0.29876543209876544,0.040118708171041774,0.8713333333333333,0.00901028219231702
xgboost,Full HQ,HQ + Reasoning,,A+C+E+F,full_hq_no_rule,oof,4500,0.298218641690888,0.043357053182154,0.7260329519588778,0.04946322561500132,0.23643889541262064,0.030303412575239597,0.3140033333581721,0.05366196142158191,0.2518518518518518,0.027715980642769936,0.882,0.009997530559290636
xgboost,Full HQ,HQ + Reasoning,,A+D+E+F,full_hq_no_rule,oof,4500,0.29985935906694017,0.04127069252875134,0.7258445258445259,0.049578018904725574,0.23875463884755582,0.031295754729128704,0.3155141890779928,0.05132458245238069,0.254320987654321,0.03275678805289284,0.8822222222222221,0.00929622251704528
xgboost,Full HQ,HQ + Reasoning,,B+C+D+E,full_hq_no_rule,oof,4500,0.23906349119774378,0.03199954418618512,0.677907414944452,0.05153476295175952,0.19441132711855202,0.04391516505453133,0.23147898025631405,0.03218058467560395,0.2765432098765432,0.035438765665203265,0.8517777777777779,0.009650689222492638
xgboost,Full HQ,HQ + Reasoning,,B+C+D+F,full_hq_no_rule,oof,4500,0.261678168454163,0.030747420299069416,0.7004733263992522,0.04947163147296288,0.20966213293172659,0.028523196113150264,0.29014453748006386,0.04309895321790661,0.19259259259259257,0.02419249128674744,0.8837777777777778,0.008680899993166465
xgboost,Full HQ,HQ + Reasoning,,B+C+E+F,full_hq_no_rule,oof,4500,0.268967879204571,0.036668347824543146,0.7020229427636835,0.049082618276067864,0.21386684550472929,0.03374986461261119,0.2840668415427961,0.04552638560986924,0.22716049382716047,0.033674522708607046,0.8777777777777777,0.0098632626760765
xgboost,Full HQ,HQ + Reasoning,,B+D+E+F,full_hq_no_rule,oof,4500,0.267846405610969,0.032251636439626585,0.7031323957249883,0.050116881885629835,0.2134130446958873,0.03263040328525701,0.26413262556184275,0.037185630913929235,0.28888888888888886,0.031812589448704014,0.8622222222222222,0.012392749772087729
xgboost,Full HQ,HQ + Reasoning,,C+D+E+F,full_hq_no_rule,oof,4500,0.2687181761438215,0.03283286358239503,0.7033615218800404,0.048665581384832284,0.21259169123874183,0.0313403096099483,0.2836778270664925,0.040426748319536555,0.22716049382716047,0.031812589448704014,0.8777777777777777,0.009660917830792967
xgboost,Full HQ,HQ + Reasoning,,A+B+C+D+E,full_hq_no_rule,oof,4500,0.28264357843117344,0.053961893940002344,0.7106196958048809,0.05183227791583662,0.22248195237317292,0.041423436135267465,0.28551161201100006,0.060390535387206276,0.274074074074074,0.03439108216588671,0.8713333333333333,0.013303670708529561
xgboost,Full HQ,HQ + Reasoning,,A+B+C+D+F,full_hq_no_rule,oof,4500,0.2937934606861015,0.032398317284003025,0.7244064577397911,0.048106697986886125,0.23555557638875896,0.026403960678151164,0.3000830154565299,0.035947021555862387,0.274074074074074,0.03612034281068591,0.8766666666666667,0.007950463919999253
xgboost,Full HQ,HQ + Reasoning,,A+B+C+E+F,full_hq_no_rule,oof,4500,0.30222074188091563,0.040850371803505196,0.7252747252747251,0.048854660378977205,0.23914785861812735,0.03173380280901897,0.3169592936110682,0.051709781350150905,0.25925925925925924,0.028152479632077478,0.8817777777777778,0.010198039027185583
xgboost,Full HQ,HQ + Reasoning,,A+B+D+E+F,full_hq_no_rule,oof,4500,0.2962372894614997,0.03664007036142101,0.724980780536336,0.04845238730740721,0.23585879709636748,0.030546957099884812,0.29130419393340745,0.04150700724865072,0.32345679012345674,0.040118708171041774,0.8671111111111112,0.01155982826990218
xgboost,Full HQ,HQ + Reasoning,,A+C+D+E+F,full_hq_no_rule,oof,4500,0.2984309643127504,0.0345338846323226,0.725538521834818,0.04886844663509841,0.23857277651722505,0.031179685785071992,0.30552737337265995,0.04146410438546248,0.27901234567901234,0.04102036475515099,0.8771111111111111,0.009573626323794668
xgboost,Full HQ,HQ + Reasoning,,B+C+D+E+F,full_hq_no_rule,oof,4500,0.2702702832212456,0.027220461123335152,0.7027615731319435,0.049267905395324246,0.21270646475279847,0.03112450305771813,0.2797782489883786,0.03699159107194773,0.24444444444444446,0.02858231334022278,0.874,0.010508080371143876
xgboost,Full HQ,HQ + Reasoning,,A+B+C+D+E+F,full_hq_no_rule,oof,4500,0.30194406027838344,0.04019474038617822,0.7246250320324394,0.05112271681543779,0.23611153498671475,0.02998173267324855,0.3182693100559463,0.05135151551771938,0.254320987654321,0.02542130899009136,0.8826666666666666,0.009727141612550786
xgboost,Full Mirror,HQ Only,,,full_mirror_rule,oof,4500,0.2327988756152465,0.026900594279879772,0.6712356230874749,0.04953789442366115,0.1795781564418159,0.02793809768800492,0.23385555111136508,0.028307765050398382,0.22962962962962957,0.02542130899009136,0.8626666666666667,0.007013215039137534
xgboost,Full Mirror,HQ + Reasoning,,A,full_mirror_rule,oof,4500,0.2715994214382382,0.04227229791341603,0.70886356441912,0.04847989446580645,0.20350028142692725,0.03216148654827066,0.2718334559677459,0.0453358306640442,0.2716049382716049,0.03219359212445752,0.8682222222222222,0.010051718113687673
xgboost,Full Mirror,HQ + Reasoning,,B,full_mirror_rule,oof,4500,0.22733121209873777,0.022737507912847732,0.6733128325720917,0.05463257761815237,0.18064988344991978,0.030207318113915017,0.21976411941277602,0.022015554581424426,0.2641975308641975,0.028794824172075555,0.8493333333333333,0.005820355934981704
xgboost,Full Mirror,HQ + Reasoning,,C,full_mirror_rule,oof,4500,0.23605475055828634,0.02945606866105644,0.678064185471593,0.05367719436270502,0.18403446090393014,0.03084281982738865,0.23199081362607848,0.029693138896984713,0.254320987654321,0.029834681416282892,0.8568888888888889,0.007214525813665755
xgboost,Full Mirror,HQ + Reasoning,,D,full_mirror_rule,oof,4500,0.23546511589555164,0.028965350282555643,0.6769743288261807,0.04966834294956611,0.18490000504521842,0.029971752784302627,0.22715734309734176,0.028560352639671535,0.2765432098765432,0.03367452270860705,0.85,0.0077618885318102
xgboost,Full Mirror,HQ + Reasoning,,E,full_mirror_rule,oof,4500,0.24064794922477772,0.056339130083964455,0.677816970409563,0.04902416505854891,0.1848957433037107,0.032564454214173096,0.3081077694235589,0.0836369016163873,0.1308641975308642,0.027715980642769936,0.8944444444444445,0.007436978013636235
xgboost,Full Mirror,HQ + Reasoning,,F,full_mirror_rule,oof,4500,0.2711262226718616,0.03055017357353812,0.7012210012210012,0.04699852944216061,0.20133928065921283,0.027564831843566798,0.2951527040966696,0.04496237335499151,0.2074074074074074,0.0049382716049382715,0.8828888888888887,0.008391647817110763
xgboost,Full Mirror,HQ + Reasoning,,A+B,full_mirror_rule,oof,4500,0.2709411761930476,0.039854634181853206,0.7095539577021059,0.05203921026366879,0.2033844663055092,0.032504521327673945,0.27230202862732983,0.04265497025026631,0.2666666666666666,0.03275678805289284,0.8693333333333333,0.008933222774329657
xgboost,Full Mirror,HQ + Reasoning,,A+C,full_mirror_rule,oof,4500,0.272727429130817,0.039944777542955466,0.7101177286362471,0.050874606243308,0.20367550642819765,0.03290990593257265,0.27321203135156624,0.042561843001784706,0.2716049382716049,0.03219359212445752,0.8688888888888888,0.008944271909999163
xgboost,Full Mirror,HQ + Reasoning,,A+D,full_mirror_rule,oof,4500,0.2751149806105476,0.03554155749112487,0.7111322148359186,0.050825299607647666,0.20539048869896237,0.03216935718221136,0.2756366512369088,0.03830874936653053,0.274074074074074,0.028582313340222775,0.8693333333333333,0.00839164781711076
xgboost,Full Mirror,HQ + Reasoning,,A+E,full_mirror_rule,oof,4500,0.2802061465836334,0.05459392383489994,0.709609731831954,0.04880169129653111,0.2056812471215595,0.03399626770862068,0.2881872138151286,0.06120248097362829,0.254320987654321,0.03711925031697014,0.8751111111111112,0.01210244338150232
xgboost,Full Mirror,HQ + Reasoning,,A+F,full_mirror_rule,oof,4500,0.29475067349161144,0.030239688917503053,0.7241622574955908,0.046099301974593616,0.21720890819640157,0.029149730669616892,0.28986321644154794,0.03325359869979801,0.31851851851851853,0.02858231334022278,0.8677777777777779,0.009135468796041981
xgboost,Full Mirror,HQ + Reasoning,,B+C,full_mirror_rule,oof,4500,0.23607713719217963,0.02851573749612624,0.6761045538823316,0.05512469306146098,0.18403822514571846,0.031216394791233747,0.23151662022064431,0.028477757813288835,0.2567901234567901,0.03064116949627372,0.8562222222222221,0.006906786785742221
xgboost,Full Mirror,HQ + Reasoning,,B+D,full_mirror_rule,oof,4500,0.23801699485072175,0.031654868851001876,0.675191064079953,0.052870804922628245,0.1841476111428818,0.030980658799021146,0.23056253905004084,0.031125573322539467,0.274074074074074,0.03695464085702658,0.8522222222222222,0.007633584016585611
xgboost,Full Mirror,HQ + Reasoning,,B+E,full_mirror_rule,oof,4500,0.24576372261494545,0.060235467028899085,0.6754819940005125,0.05187240981045943,0.18465652269544652,0.031815733799639694,0.2976362191068073,0.07475573259788461,0.145679012345679,0.035266313227372094,0.892,0.006899633198337813
xgboost,Full Mirror,HQ + Reasoning,,B+F,full_mirror_rule,oof,4500,0.268149326735446,0.03043184462547571,0.6998371998371998,0.047359362006644985,0.19977233333800173,0.0266231727585646,0.2844771360402854,0.03865547422230484,0.21975308641975308,0.01209624564337372,0.8791111111111111,0.008473633762194495
xgboost,Full Mirror,HQ + Reasoning,,C+D,full_mirror_rule,oof,4500,0.23930930540542902,0.029161967461289753,0.6792821718747645,0.05197534842556084,0.1857569588163867,0.03082943051332592,0.22165540045540047,0.0273730796496826,0.3530864197530864,0.04787831957942053,0.8300000000000001,0.01049397240277119
xgboost,Full Mirror,HQ + Reasoning,,C+E,full_mirror_rule,oof,4500,0.24028886420398546,0.058768485219632155,0.6785043488747193,0.052909588789266805,0.18777590667516258,0.03332637971908355,0.30628386162404136,0.0832391636893287,0.1308641975308642,0.028794824172075555,0.8944444444444445,0.00720082299823095
xgboost,Full Mirror,HQ + Reasoning,,C+F,full_mirror_rule,oof,4500,0.2635221472777442,0.028416983843064462,0.7007853600446194,0.048172023883045305,0.20053839306888746,0.02766903168831548,0.27703693499257626,0.03676549329112023,0.22222222222222224,0.007808092988070072,0.8768888888888888,0.008207193472275293
xgboost,Full Mirror,HQ + Reasoning,,D+E,full_mirror_rule,oof,4500,0.24559662387410114,0.06450848537675063,0.6778275222719667,0.050414685597230655,0.18732563513352538,0.032398925419987054,0.3067531851302413,0.08701153208082335,0.1382716049382716,0.03349298757098897,0.8937777777777779,0.007652966825654473
xgboost,Full Mirror,HQ + Reasoning,,D+F,full_mirror_rule,oof,4500,0.264883343980555,0.023743052397149415,0.7017214609807201,0.04537125274654188,0.20061518224876623,0.026663724292236,0.2717495789245722,0.029466328602979867,0.24197530864197528,0.006048122821686859,0.8726666666666667,0.007906865277625427
xgboost,Full Mirror,HQ + Reasoning,,E+F,full_mirror_rule,oof,4500,0.2716964377440152,0.0360170318617115,0.7026123396493766,0.048079360035737984,0.20161311958055364,0.02913440440544532,0.2982107442519342,0.049587484623121195,0.20246913580246914,0.009876543209876543,0.8842222222222222,0.008531712809089969
xgboost,Full Mirror,HQ + Reasoning,,A+B+C,full_mirror_rule,oof,4500,0.27439943276151946,0.04899071772640415,0.7105413105413104,0.05123469167794648,0.20433402313433727,0.03332975825595456,0.2760810308815902,0.05322012901373077,0.2691358024691358,0.03612034281068591,0.8697777777777776,0.01103082101865853
xgboost,Full Mirror,HQ + Reasoning,,A+B+D,full_mirror_rule,oof,4500,0.269697353718721,0.04702295831512947,0.7088891903706719,0.051939236595117545,0.2046257407523738,0.03321699522196057,0.264632779198636,0.04865578176607047,0.2938271604938271,0.045125103413573,0.8622222222222222,0.011461152851757883
xgboost,Full Mirror,HQ + Reasoning,,A+B+E,full_mirror_rule,oof,4500,0.2834071902629128,0.05018499940023415,0.7102307843048583,0.049547944480753725,0.20563417176634197,0.03425163395224488,0.2904507972550115,0.05506569081581957,0.25925925925925924,0.03578117715108503,0.8755555555555554,0.010375660026603334
xgboost,Full Mirror,HQ + Reasoning,,A+B+F,full_mirror_rule,oof,4500,0.2902059798822322,0.04507585852147067,0.7242783279820317,0.046953221256665637,0.21745698354132692,0.03006152129699383,0.3000439174352218,0.04864600160570219,0.2567901234567901,0.03439108216588671,0.8788888888888888,0.0080430938092684
xgboost,Full Mirror,HQ + Reasoning,,A+C+D,full_mirror_rule,oof,4500,0.27459425348910843,0.04523572328776042,0.7105910550354995,0.0499679772452633,0.20505566963517213,0.03304589309506863,0.2762460572945248,0.048988168297895145,0.2691358024691358,0.03349298757098898,0.8699999999999999,0.010086049527031274
xgboost,Full Mirror,HQ + Reasoning,,A+C+E,full_mirror_rule,oof,4500,0.2859305540513907,0.05691868471180567,0.7103332881110659,0.04953859764496099,0.2055608200433689,0.03340361657780615,0.2978707401957349,0.06163586919246501,0.24691358024691357,0.04347362188063953,0.8793333333333333,0.0101737983486752
xgboost,Full Mirror,HQ + Reasoning,,A+C+F,full_mirror_rule,oof,4500,0.29255561605767577,0.03674974327713938,0.7242044649452057,0.047121490802787394,0.21757939487021818,0.030713986124024865,0.28977176160545487,0.038391307408697846,0.30617283950617286,0.03777051491550211,0.8695555555555556,0.009124651185621254
xgboost,Full Mirror,HQ + Reasoning,,A+D+E,full_mirror_rule,oof,4500,0.28126172254598847,0.045222110766607336,0.7104764919579735,0.04899215857884712,0.20633454654253836,0.034296931817928866,0.2841872952902769,0.04986977858537448,0.2716049382716049,0.03219359212445752,0.8720000000000001,0.010361371757222003
xgboost,Full Mirror,HQ + Reasoning,,A+D+F,full_mirror_rule,oof,4500,0.2896340767416644,0.05561888066085311,0.7240748277785315,0.04710863490972169,0.21727071462350955,0.030945257834841176,0.30493655863321056,0.06227790908572652,0.24197530864197528,0.03872688183051388,0.8815555555555555,0.009650689222492653
xgboost,Full Mirror,HQ + Reasoning,,A+E+F,full_mirror_rule,oof,4500,0.29917548863378773,0.038082447964911316,0.7239542350653462,0.04712184846228943,0.21818229369657,0.03168495263815888,0.30104463437796775,0.040532079206038865,0.2938271604938271,0.03777051491550211,0.8746666666666666,0.008356264745316961
xgboost,Full Mirror,HQ + Reasoning,,B+C+D,full_mirror_rule,oof,4500,0.24135427091043066,0.029406942604150166,0.6776345739308701,0.053802390629897424,0.1854499684989505,0.031599906681425496,0.223534534123727,0.027900490751551307,0.3555555555555555,0.041610616163833866,0.8304444444444444,0.010786365421788069
xgboost,Full Mirror,HQ + Reasoning,,B+C+E,full_mirror_rule,oof,4500,0.23688464978726698,0.0665281932302878,0.6764331690257614,0.05131562763830721,0.18597250328932832,0.03253895687218509,0.2955861244019139,0.09124397013457033,0.13333333333333333,0.03257013816857511,0.8926666666666666,0.008122518614443151
xgboost,Full Mirror,HQ + Reasoning,,B+C+F,full_mirror_rule,oof,4500,0.2662055584570381,0.03305465797264022,0.699942718461237,0.047839356457374076,0.19961057893119433,0.02796414891787808,0.2913763002388501,0.044430098345943,0.19999999999999998,0.01637839402644642,0.8833333333333334,0.007793634629666732
xgboost,Full Mirror,HQ + Reasoning,,B+D+E,full_mirror_rule,oof,4500,0.24339949529281366,0.06874473281547057,0.677931533487089,0.04954504570647867,0.1865692670632702,0.032027671372010735,0.29637869376999815,0.08884815225299907,0.14320987654320988,0.037119250316970144,0.8917777777777778,0.008332592559667854
xgboost,Full Mirror,HQ + Reasoning,,B+D+F,full_mirror_rule,oof,4500,0.26882923218125077,0.030052060128589384,0.7003014817829634,0.046838985815373865,0.19972604015816037,0.027725637704206205,0.2888916343967054,0.040593137684944776,0.2123456790123457,0.009238660214256645,0.8811111111111112,0.00807373427759332
xgboost,Full Mirror,HQ + Reasoning,,B+E+F,full_mirror_rule,oof,4500,0.2730610037019279,0.03884213177571158,0.7011094529613049,0.047269684714869975,0.20129639620043965,0.029438194957690053,0.29911706525014925,0.05239479514104189,0.2049382716049383,0.014814814814814814,0.884,0.009178611745805948
xgboost,Full Mirror,HQ + Reasoning,,C+D+E,full_mirror_rule,oof,4500,0.24217991929434396,0.07102141395078956,0.6791329383921976,0.05103263253972248,0.18757510525898,0.033956531415190803,0.3027795704907088,0.09431916241981658,0.13580246913580246,0.036623202405410685,0.8935555555555557,0.008177053107988465
xgboost,Full Mirror,HQ + Reasoning,,C+D+F,full_mirror_rule,oof,4500,0.26559954967978905,0.028955531960725034,0.7018134129245239,0.04678973509442473,0.20011091438389267,0.028158725010573624,0.2839146463123353,0.03711447243690946,0.21234567901234563,0.012096245643373717,0.8802222222222221,0.00707630370137365
xgboost,Full Mirror,HQ + Reasoning,,C+E+F,full_mirror_rule,oof,4500,0.27660256729816207,0.04006309521776861,0.7016053904942794,0.047889785421023665,0.20201788896014267,0.029778869340814113,0.3043298806456701,0.05423068868046044,0.2049382716049383,0.014814814814814814,0.8851111111111111,0.008877770824639208
xgboost,Full Mirror,HQ + Reasoning,,D+E+F,full_mirror_rule,oof,4500,0.27121454892920205,0.0398319887536746,0.7031369179517327,0.04686650980113305,0.20177733499347741,0.02961869928518487,0.29523388625516667,0.05436673819647278,0.2074074074074074,0.012096245643373717,0.8826666666666666,0.00972714161255079
xgboost,Full Mirror,HQ + Reasoning,,A+B+C+D,full_mirror_rule,oof,4500,0.2727707500323637,0.04186574538367314,0.7097996653552208,0.05074360101498961,0.20429113728937104,0.03285548417439673,0.27091806471603735,0.04524606231787879,0.2814814814814815,0.02858231334022278,0.8662222222222222,0.010694408369347512
xgboost,Full Mirror,HQ + Reasoning,,A+B+C+E,full_mirror_rule,oof,4500,0.28043033253384814,0.04640879423052919,0.7105518624037143,0.05012836537413309,0.2058594593590445,0.034123846280533374,0.29809244549528013,0.052879627642045776,0.22716049382716053,0.029834681416282892,0.8817777777777778,0.008302907418786372
xgboost,Full Mirror,HQ + Reasoning,,A+B+C+F,full_mirror_rule,oof,4500,0.3008121079538104,0.05058387582784068,0.7248074285111322,0.04779438186607406,0.2175857513116112,0.030263749727301493,0.3128092782185907,0.05739309340817327,0.2617283950617284,0.03257013816857511,0.8811111111111112,0.00948032400342292
xgboost,Full Mirror,HQ + Reasoning,,A+B+D+E,full_mirror_rule,oof,4500,0.28083218300876,0.049600597739552964,0.7077752151826225,0.04899356407386922,0.20509001802136684,0.03339400129837797,0.2845000368680009,0.05485359510228816,0.26913580246913577,0.03612034281068591,0.8722222222222221,0.011525602204346617
xgboost,Full Mirror,HQ + Reasoning,,A+B+D+F,full_mirror_rule,oof,4500,0.29102993775708036,0.034400130452999216,0.7235608013385793,0.04736260425877476,0.21659692738602,0.030028801695418935,0.2842772374105354,0.036862073313161124,0.32345679012345674,0.029629629629629627,0.8651111111111112,0.009752492558885181
xgboost,Full Mirror,HQ + Reasoning,,A+B+E+F,full_mirror_rule,oof,4500,0.3000733047740921,0.03566362698049976,0.7247079395227544,0.04770907074436374,0.21850523369343752,0.03136166208752187,0.3026873243165378,0.037768032377487736,0.29135802469135796,0.0345679012345679,0.8755555555555556,0.0073702773119009
xgboost,Full Mirror,HQ + Reasoning,,A+C+D+E,full_mirror_rule,oof,4500,0.28224219975300685,0.05025784744700582,0.7104523734153363,0.04956506611062343,0.2061921885455093,0.03386629123180301,0.29948410491374894,0.053782730145199145,0.22962962962962957,0.04027038624765455,0.8822222222222221,0.007761888531810184
xgboost,Full Mirror,HQ + Reasoning,,A+C+D+F,full_mirror_rule,oof,4500,0.2932027238379166,0.03435273479633404,0.7245466467688689,0.048201281529572704,0.21734158535402487,0.030710947136114813,0.2858692106686938,0.03625237239225738,0.328395061728395,0.03181258944870401,0.8651111111111112,0.009495938052987322
xgboost,Full Mirror,HQ + Reasoning,,A+C+E+F,full_mirror_rule,oof,4500,0.2959434642330038,0.04194192134538967,0.7247953692398136,0.04778352388768315,0.21770465817781845,0.03097753792670878,0.2987791733786775,0.045510171205151134,0.28641975308641976,0.03257013816857511,0.8746666666666666,0.009438560258486819
xgboost,Full Mirror,HQ + Reasoning,,A+D+E+F,full_mirror_rule,oof,4500,0.3009027613330919,0.04153553332148473,0.7246823135712024,0.04771964634195525,0.21880459348074255,0.0316749582466897,0.3038879861569905,0.04561698463618776,0.29135802469135796,0.0345679012345679,0.8755555555555554,0.009135468796041988
xgboost,Full Mirror,HQ + Reasoning,,B+C+D+E,full_mirror_rule,oof,4500,0.2421346013842792,0.06185313930223875,0.6784184265665746,0.05112292305184662,0.18711718022923532,0.033381986472556115,0.30527516429955454,0.0810087292879219,0.13333333333333333,0.03257013816857511,0.8944444444444445,0.006740333728045797
xgboost,Full Mirror,HQ + Reasoning,,B+C+D+F,full_mirror_rule,oof,4500,0.2651514697181315,0.03189452076100337,0.7007913896802785,0.04784100167051633,0.20083810950599243,0.027793546294969544,0.27815726603289304,0.038922341757442226,0.22469135802469134,0.014397412086037778,0.8768888888888888,0.008415153879449537
xgboost,Full Mirror,HQ + Reasoning,,B+C+E+F,full_mirror_rule,oof,4500,0.2757697297169375,0.03868489808383526,0.7018043684710351,0.04796770695024885,0.2024462275184747,0.029297891963905438,0.3030413252251102,0.05189910441810449,0.2049382716049383,0.014814814814814814,0.8848888888888888,0.008905539959783925
xgboost,Full Mirror,HQ + Reasoning,,B+D+E+F,full_mirror_rule,oof,4500,0.27164624049266134,0.044543979627789804,0.703338910746318,0.04851651282076368,0.20329043122709897,0.0294784739937449,0.3026996873245228,0.06121018461352699,0.1950617283950617,0.01637839402644642,0.8857777777777777,0.009306840707276418
xgboost,Full Mirror,HQ + Reasoning,,C+D+E+F,full_mirror_rule,oof,4500,0.26853737129542515,0.029599309735050237,0.7032635403005771,0.04750811970983914,0.20241942839325566,0.029024643746579235,0.2729637424375971,0.03580955583595106,0.254320987654321,0.012590171638500704,0.8708888888888889,0.009542626912703966
xgboost,Full Mirror,HQ + Reasoning,,A+B+C+D+E,full_mirror_rule,oof,4500,0.2838020147457351,0.05403241126310835,0.709469542802876,0.05045435473622707,0.20573451650419491,0.03458051702957954,0.2951493098375197,0.059581444636663296,0.24691358024691362,0.039040464940350364,0.8784444444444445,0.010342290025084524
xgboost,Full Mirror,HQ + Reasoning,,A+B+C+D+F,full_mirror_rule,oof,4500,0.29275449135156417,0.029695505645389534,0.7232321861951492,0.04651955766420573,0.2162944767071798,0.02985941997730702,0.2899660589594962,0.031020689649050442,0.30617283950617286,0.03349298757098898,0.8697777777777776,0.007549016778428023
xgboost,Full Mirror,HQ + Reasoning,,A+B+C+E+F,full_mirror_rule,oof,4500,0.300320145898547,0.03863137266349882,0.7240039795595351,0.046892827399922656,0.21778418208765182,0.03041679389671477,0.30252764337046667,0.04351412064452608,0.2938271604938271,0.027495132655950726,0.8746666666666666,0.009619938143072607
xgboost,Full Mirror,HQ + Reasoning,,A+B+D+E+F,full_mirror_rule,oof,4500,0.29625111046469443,0.057280157738430426,0.7238577608947978,0.046731694541757456,0.21745453545862606,0.030976392471420422,0.30832753891577425,0.06293793480486476,0.2567901234567901,0.041610616163833866,0.8806666666666667,0.010294430952800422
xgboost,Full Mirror,HQ + Reasoning,,A+C+D+E+F,full_mirror_rule,oof,4500,0.2966456359057988,0.033097114686673666,0.724530065270806,0.04681610065711843,0.21786214066659193,0.030422837654600597,0.29391012431860103,0.03689777465714478,0.3111111111111111,0.03162036660460665,0.8699999999999999,0.009401864800580532
xgboost,Full Mirror,HQ + Reasoning,,B+C+D+E+F,full_mirror_rule,oof,4500,0.27072898408506324,0.04012330197331189,0.7028263917152805,0.04825653696085115,0.20318998804479405,0.02989417396538406,0.29463009928743167,0.05488079305627923,0.2074074074074074,0.012096245643373717,0.8824444444444444,0.010095837059200467
xgboost,Full Mirror,HQ + Reasoning,,A+B+C+D+E+F,full_mirror_rule,oof,4500,0.3004730485579847,0.04028612481415548,0.7236527532823829,0.048850289400378714,0.21752113115128138,0.030987257014385393,0.3032446296358236,0.04430761810521302,0.29135802469135796,0.03083949628838715,0.8753333333333334,0.009200107353104205
