part,family,model_name,model_type,reasoning_combo,set_id,f0.5_mean,f0.5_std,threshold_oof,full_train_f0.5,eval_mode
pt1,human,Human Legacy 1 (scaled durations),xgboost,n/a,,0.2258976139541768,0.01378681981786639,0.6800000000000002,0.22833723653395785,cv
pt1,human,Human Legacy 2 (binary equivalents),xgboost,n/a,,0.2264090889809005,0.015139475314140062,0.7000000000000002,0.2099483204134367,cv
pt1,human,Human Legacy 3 (mixed durations),xgboost,n/a,,0.23011182329993604,0.01559578563504092,0.6800000000000002,0.23823529411764705,cv
pt1,llm_engineered,Engineered set_05,xgboost,n/a,set_05,0.26066007473245656,0.06582155800738879,0.7000000000000002,0.268361581920904,cv
pt1,llm_engineered,Engineered set_08,xgboost,n/a,set_08,0.25233071709288224,0.04238824003046866,0.7000000000000002,0.2506510416666667,cv
pt1,llm_engineered,Engineered set_07,xgboost,n/a,set_07,0.24922117957298884,0.050750132951804555,0.6500000000000001,0.2552083333333333,cv
pt1,llm_engineered_plus_reasoning,Engineered set_05 + A+E,xgboost,A+E,set_05,0.27956674401529125,0.06867713765168922,0.7300000000000002,0.28776978417266186,cv
pt1,llm_engineered_plus_reasoning,Engineered set_08 + A+E,xgboost,A+E,set_08,0.2735252004766201,0.03188950854018578,0.6600000000000001,0.287199124726477,cv
pt1,llm_engineered_plus_reasoning,Engineered set_07 + A+E,xgboost,A+E,set_07,0.27652550413699784,0.04016802773889082,0.6200000000000001,0.2910958904109589,cv
pt2,HQ,Mirror HQ HQ (LOGISTIC),logistic,HQ,,0.23401127958802354,0.04139887768454602,0.21000000000000002,0.23875432525951557,cv
pt2,HQ,Mirror HQ HQ (XGBOOST),xgboost,HQ,,0.2327988756152465,0.026900594279879772,0.6700000000000002,0.2350536535513541,cv
pt2,A,Mirror HQ A (LOGISTIC),logistic,A,,0.2746314463374414,0.024361735752404926,0.18000000000000005,0.2776513427401001,cv
pt2,A,Mirror HQ A (XGBOOST),xgboost,A,,0.2715994214382382,0.04227229791341603,0.6700000000000002,0.2773757838880849,cv
pt2,B,Mirror HQ B (LOGISTIC),logistic,B,,0.24574391328290054,0.050013683258717,0.26000000000000006,0.24804177545691905,cv
pt2,B,Mirror HQ B (XGBOOST),xgboost,B,,0.22733121209873777,0.022737507912847732,0.6400000000000001,0.23880597014925373,cv
pt2,D,Mirror HQ D (LOGISTIC),logistic,D,,0.2489947272523841,0.020908166638133944,0.18000000000000005,0.2625182304326689,cv
pt2,D,Mirror HQ D (XGBOOST),xgboost,D,,0.23546511589555164,0.028965350282555643,0.6400000000000001,0.24342955622576476,cv
pt2,A+E,Mirror HQ A+E (LOGISTIC),logistic,A+E,,0.28067109540019997,0.04218459681937428,0.21000000000000002,0.2914193200215866,cv
pt2,A+E,Mirror HQ A+E (XGBOOST),xgboost,A+E,,0.2802061465836334,0.05459392383489994,0.6800000000000002,0.2846599894570374,cv
pt2,A+F,Mirror HQ A+F (LOGISTIC),logistic,A+F,,0.30845596335509884,0.05622929716565438,0.24000000000000005,0.32323820617355853,cv
pt2,A+F,Mirror HQ A+F (XGBOOST),xgboost,A+F,,0.29475067349161144,0.030239688917503053,0.6500000000000001,0.2985760220486909,cv
pt2,A+D+E+F,Mirror HQ A+D+E+F (LOGISTIC),logistic,A+D+E+F,,0.3394584849082841,0.04256387303859615,0.25000000000000006,0.3365658870507701,cv
pt2,A+D+E+F,Mirror HQ A+D+E+F (XGBOOST),xgboost,A+D+E+F,,0.3009027613330919,0.04153553332148473,0.6600000000000001,0.3129694541812719,cv
pt2,A+B+C+D+E+F,Mirror HQ A+B+C+D+E+F (LOGISTIC),logistic,A+B+C+D+E+F,,0.32939809328753716,0.054206249150500735,0.27,0.338777979431337,cv
pt2,A+B+C+D+E+F,Mirror HQ A+B+C+D+E+F (XGBOOST),xgboost,A+B+C+D+E+F,,0.3004730485579847,0.04028612481415548,0.6600000000000001,0.30617283950617286,cv
pt1,human,Human Legacy 1 (scaled durations),xgboost,n/a,,0.24390243902439024,0.0,0.7800000000000001,0.22833723653395785,train_val
pt1,human,Human Legacy 2 (binary equivalents),xgboost,n/a,,0.23809523809523808,0.0,0.6800000000000002,0.2099483204134367,train_val
pt1,human,Human Legacy 3 (mixed durations),xgboost,n/a,,0.24390243902439024,0.0,0.7800000000000001,0.23823529411764705,train_val
pt1,llm_engineered,Engineered set_05,xgboost,n/a,set_05,0.23636363636363636,0.0,0.6800000000000002,0.268361581920904,train_val
pt1,llm_engineered,Engineered set_08,xgboost,n/a,set_08,0.30973451327433627,0.0,0.6900000000000002,0.2506510416666667,train_val
pt1,llm_engineered,Engineered set_07,xgboost,n/a,set_07,0.32663316582914576,0.0,0.7100000000000002,0.2552083333333333,train_val
pt1,llm_engineered_plus_reasoning,Engineered set_05 + A+E,xgboost,A+E,set_05,0.36231884057971014,0.0,0.7400000000000002,0.28776978417266186,train_val
pt1,llm_engineered_plus_reasoning,Engineered set_08 + A+E,xgboost,A+E,set_08,0.3816793893129771,0.0,0.8300000000000002,0.287199124726477,train_val
pt1,llm_engineered_plus_reasoning,Engineered set_07 + A+E,xgboost,A+E,set_07,0.37735849056603776,0.0,0.6500000000000001,0.2910958904109589,train_val
pt2,HQ,Mirror HQ HQ (LOGISTIC),logistic,HQ,,0.29411764705882354,0.0,0.25000000000000006,0.23875432525951557,train_val
pt2,HQ,Mirror HQ HQ (XGBOOST),xgboost,HQ,,0.2917771883289125,0.0,0.7100000000000002,0.2350536535513541,train_val
pt2,A,Mirror HQ A (LOGISTIC),logistic,A,,0.35587188612099646,0.0,0.30000000000000004,0.2776513427401001,train_val
pt2,A,Mirror HQ A (XGBOOST),xgboost,A,,0.36398467432950193,0.0,0.8000000000000002,0.2773757838880849,train_val
pt2,B,Mirror HQ B (LOGISTIC),logistic,B,,0.30042918454935624,0.0,0.38000000000000006,0.24804177545691905,train_val
pt2,B,Mirror HQ B (XGBOOST),xgboost,B,,0.29508196721311475,0.0,0.7400000000000002,0.23880597014925373,train_val
pt2,D,Mirror HQ D (LOGISTIC),logistic,D,,0.31545741324921134,0.0,0.23000000000000004,0.2625182304326689,train_val
pt2,D,Mirror HQ D (XGBOOST),xgboost,D,,0.30303030303030304,0.0,0.7400000000000002,0.24342955622576476,train_val
pt2,A+E,Mirror HQ A+E (LOGISTIC),logistic,A+E,,0.36065573770491804,0.0,0.27,0.2914193200215866,train_val
pt2,A+E,Mirror HQ A+E (XGBOOST),xgboost,A+E,,0.35315985130111527,0.0,0.7800000000000001,0.2846599894570374,train_val
pt2,A+F,Mirror HQ A+F (LOGISTIC),logistic,A+F,,0.391304347826087,0.0,0.28,0.32323820617355853,train_val
pt2,A+F,Mirror HQ A+F (XGBOOST),xgboost,A+F,,0.3470031545741325,0.0,0.7200000000000002,0.2985760220486909,train_val
pt2,A+D+E+F,Mirror HQ A+D+E+F (LOGISTIC),logistic,A+D+E+F,,0.39589442815249265,0.0,0.28,0.3365658870507701,train_val
pt2,A+D+E+F,Mirror HQ A+D+E+F (XGBOOST),xgboost,A+D+E+F,,0.3488372093023256,0.0,0.7400000000000002,0.3129694541812719,train_val
pt2,A+B+C+D+E+F,Mirror HQ A+B+C+D+E+F (LOGISTIC),logistic,A+B+C+D+E+F,,0.4,0.0,0.30000000000000004,0.338777979431337,train_val
pt2,A+B+C+D+E+F,Mirror HQ A+B+C+D+E+F (XGBOOST),xgboost,A+B+C+D+E+F,,0.3495440729483283,0.0,0.7000000000000002,0.30617283950617286,train_val
